SEASON,DATE,TEAM,OPPONENT,HOME_TEAM,MP,FGM,FGA,FG%,2PT_FGM,2PT_FGA,2PT_FG%,3PT_FGM,3PT_FGA,3PT_FG%,FTM,FTA,FT%,ORB,DRB,TRB,AST,STL,BLK,TOV,PF,PTS,GMSC,+/-,TS%,EFG%,3PAR,FTR,ORB%,DRB%,TRB%,AST%,STL%,BLK%,TOV%,USG%,ORTG,DRTG,BPM
2007-08,2007-10-31,WIZ,PAC,PAC,0.0,0.0,0.0,0.0,0.0,0.0,0.0,0.0,0.0,0.0,0.0,0.0,0.0,0.0,0.0,0.0,0.0,0.0,0.0,0.0,0.0,0.0,0.0,0.0,0.0,0.0,0.0,0.0,0.0,0.0,0.0,0.0,0.0,0.0,0.0,0.0,0.0,0.0,0.0
2007-08,2007-11-02,WIZ,CEL,CEL,3.44,0.5,1.0,0.5,0.0,0.5,0.0,0.5,0.5,1.0,0.0,0.0,0.0,0.0,0.5,0.5,0.0,0.0,0.0,0.0,1.0,1.5,0.75,-4.5,0.75,0.75,0.5,0.0,0.0,16.4,6.9,0.0,0.0,0.0,0.0,11.3,162.0,113.0,1.1
2007-08,2007-11-03,WIZ,MAG,WIZ,6.67,0.667,2.333,0.286,0.333,2.0,0.167,0.333,0.333,1.0,1.0,1.333,0.75,0.0,0.333,0.333,0.0,0.0,0.0,0.333,1.667,2.667,0.267,-1.667,0.457,0.357,0.143,0.429,0.0,8.2,3.45,0.0,0.0,0.0,6.45,17.95,118.0,113.0,-4.9
2007-08,2007-11-08,WIZ,NNE,NNE,5.283,0.5,2.0,0.25,0.25,1.75,0.143,0.25,0.25,1.0,0.75,1.0,0.75,0.0,0.25,0.25,0.0,0.0,0.0,0.25,1.25,2.0,0.025,-1.0,0.41,0.312,0.125,0.375,0.0,5.467,2.3,0.0,0.0,0.0,4.3,24.667,78.667,113.667,-14.467
2007-08,2007-11-09,WIZ,NUG,WIZ,5.986,0.6,2.2,0.273,0.4,1.8,0.222,0.2,0.4,0.5,0.6,0.8,0.75,0.0,0.4,0.4,0.0,0.0,0.2,0.2,1.2,2.0,0.2,-2.0,0.392,0.318,0.182,0.273,0.0,7.775,3.525,0.0,0.0,2.725,3.225,22.625,76.5,109.25,-11.725
2007-08,2007-11-11,WIZ,HAW,HAW,7.727,0.667,2.667,0.25,0.333,1.833,0.182,0.333,0.833,0.4,0.833,1.0,0.833,0.167,0.5,0.667,0.167,0.0,0.167,0.5,1.167,2.5,0.367,-4.5,0.402,0.312,0.313,0.313,1.32,7.58,4.16,2.08,0.0,2.18,7.66,21.98,77.2,112.4,-11.22
2007-08,2007-11-14,WIZ,PAC,WIZ,6.623,0.571,2.286,0.25,0.286,1.571,0.182,0.286,0.714,0.4,0.714,0.857,0.833,0.143,0.429,0.571,0.143,0.0,0.143,0.429,1.0,2.143,0.314,-3.857,0.402,0.312,0.312,0.312,1.32,7.58,4.16,2.08,0.0,2.18,7.66,21.98,77.2,112.4,-11.22
2007-08,2007-11-16,WIZ,TIM,TIM,5.795,0.5,2.0,0.25,0.25,1.375,0.182,0.25,0.625,0.4,0.625,0.75,0.833,0.125,0.375,0.5,0.125,0.0,0.125,0.375,0.875,1.875,0.275,-3.375,0.402,0.312,0.312,0.312,1.32,7.58,4.16,2.08,0.0,2.18,7.66,21.98,77.2,112.4,-11.22
2007-08,2007-11-17,WIZ,BLA,WIZ,5.631,0.444,1.889,0.235,0.222,1.333,0.167,0.222,0.556,0.4,0.556,0.667,0.833,0.111,0.333,0.444,0.222,0.0,0.111,0.556,1.0,1.667,-0.067,-3.667,0.382,0.294,0.294,0.294,1.1,6.317,3.467,6.367,0.0,1.817,17.5,23.583,67.5,110.833,-15.567
2007-08,2007-11-20,WIZ,76E,WIZ,6.528,1.0,2.6,0.385,0.6,1.8,0.333,0.4,0.8,0.5,0.8,1.0,0.8,0.1,0.4,0.5,0.4,0.1,0.1,0.5,1.3,3.2,1.32,-4.1,0.526,0.462,0.308,0.308,0.943,6.714,3.543,10.086,0.529,1.557,15.0,24.957,81.143,109.429,-9.929
2007-08,2007-11-21,WIZ,BOB,BOB,7.869,1.273,3.182,0.4,0.909,2.273,0.4,0.364,0.909,0.4,1.0,1.182,0.846,0.091,0.545,0.636,0.545,0.273,0.182,0.727,1.455,3.909,1.818,-4.818,0.528,0.457,0.286,0.314,0.825,7.075,3.825,10.312,1.1,1.738,15.938,25.562,82.625,109.0,-9.488
2007-08,2007-11-23,WIZ,WAR,WIZ,8.451,1.333,3.333,0.4,0.917,2.417,0.379,0.417,0.917,0.455,0.917,1.083,0.846,0.167,0.583,0.75,0.5,0.25,0.167,0.667,1.583,4.0,1.842,-4.083,0.525,0.462,0.275,0.275,1.611,7.111,4.256,9.167,0.978,1.544,14.167,24.389,87.222,109.778,-9.133
2007-08,2007-11-24,WIZ,GRI,GRI,9.324,1.615,3.769,0.429,1.154,2.846,0.405,0.462,0.923,0.5,1.385,1.615,0.857,0.308,0.538,0.846,0.462,0.231,0.154,0.923,1.692,5.077,2.431,-3.077,0.567,0.49,0.245,0.367,2.48,6.4,4.37,8.25,0.88,1.39,15.17,25.56,90.1,113.0,-8.64
2007-08,2007-11-26,WIZ,MAV,MAV,10.213,1.643,4.0,0.411,1.143,3.0,0.381,0.5,1.0,0.5,1.429,1.643,0.87,0.286,0.571,0.857,0.5,0.286,0.143,0.857,1.643,5.214,2.579,-2.5,0.552,0.473,0.25,0.357,2.255,6.391,4.227,7.973,1.0,1.264,13.791,24.573,91.909,114.364,-8.355
2007-08,2007-11-28,WIZ,SPU,SPU,10.412,1.733,4.267,0.406,1.267,3.267,0.388,0.467,1.0,0.467,1.4,1.667,0.84,0.267,0.733,1.0,0.467,0.267,0.133,0.8,1.533,5.333,2.613,-1.733,0.533,0.461,0.234,0.328,2.067,7.875,5.0,7.308,0.917,1.158,12.642,25.167,91.083,113.667,-8.375
2007-08,2007-11-30,WIZ,76E,76E,10.811,1.688,4.438,0.38,1.188,3.25,0.365,0.5,1.188,0.421,1.688,1.938,0.871,0.25,0.75,1.0,0.5,0.25,0.125,0.812,1.625,5.562,2.656,-1.625,0.526,0.437,0.268,0.38,1.908,7.915,4.915,7.431,0.846,1.069,12.392,25.723,91.308,114.923,-8.546
2007-08,2007-12-01,WIZ,RAP,WIZ,11.422,1.941,4.706,0.412,1.412,3.412,0.414,0.529,1.294,0.409,1.588,1.824,0.871,0.235,0.882,1.118,0.588,0.294,0.118,0.941,1.706,6.0,2.982,-0.882,0.545,0.469,0.275,0.337,1.771,8.407,5.157,8.564,0.964,0.993,13.293,25.764,91.643,113.429,-7.579
2007-08,2007-12-05,WIZ,CAV,WIZ,11.258,1.944,4.556,0.427,1.444,3.333,0.433,0.5,1.222,0.409,1.556,1.833,0.848,0.222,0.889,1.111,0.556,0.278,0.111,1.0,1.722,5.944,2.9,-0.889,0.554,0.482,0.268,0.341,1.653,8.727,5.327,7.993,0.9,0.927,15.14,26.027,91.067,113.533,-7.88
2007-08,2007-12-07,WIZ,SUN,WIZ,11.658,2.105,4.684,0.449,1.632,3.526,0.463,0.474,1.158,0.409,1.684,1.947,0.865,0.263,0.895,1.158,0.632,0.263,0.105,1.0,1.632,6.368,3.405,-0.368,0.575,0.5,0.247,0.36,1.994,8.6,5.425,8.512,0.844,0.869,14.831,25.925,95.125,113.25,-6.85
2007-08,2007-12-09,WIZ,NNE,WIZ,11.997,2.3,5.0,0.46,1.85,3.9,0.474,0.45,1.1,0.409,1.65,1.9,0.868,0.3,0.95,1.25,0.7,0.25,0.1,1.05,1.6,6.7,3.635,-0.05,0.574,0.505,0.22,0.33,2.2,8.9,5.647,9.018,0.794,0.818,14.835,26.194,95.824,114.176,-6.476
2007-08,2007-12-11,WIZ,TIM,WIZ,11.737,2.238,4.952,0.452,1.81,3.905,0.463,0.429,1.048,0.409,1.571,1.81,0.868,0.286,0.905,1.19,0.667,0.238,0.095,1.048,1.524,6.476,3.395,-0.143,0.563,0.495,0.212,0.317,2.078,8.406,5.333,8.517,0.75,0.772,15.122,26.7,92.889,113.944,-7.567
2007-08,2007-12-13,WIZ,HEA,HEA,11.398,2.136,4.909,0.435,1.727,3.864,0.447,0.409,1.045,0.391,1.5,1.727,0.868,0.318,0.909,1.227,0.682,0.227,0.091,1.045,1.455,6.182,3.145,-0.045,0.545,0.477,0.213,0.306,3.279,9.216,6.337,9.579,0.711,0.732,15.379,27.953,89.421,113.421,-9.326
2007-08,2007-12-15,WIZ,KIN,WIZ,10.903,2.043,4.696,0.435,1.652,3.696,0.447,0.391,1.0,0.391,1.435,1.652,0.868,0.304,0.87,1.174,0.652,0.217,0.087,1.0,1.391,5.913,3.009,-0.043,0.545,0.477,0.213,0.306,3.279,9.216,6.337,9.579,0.711,0.732,15.379,27.953,89.421,113.421,-9.326
2007-08,2007-12-19,WIZ,BUL,WIZ,11.039,2.083,4.75,0.439,1.667,3.75,0.444,0.417,1.0,0.417,1.375,1.583,0.868,0.333,0.833,1.167,0.667,0.25,0.083,0.958,1.5,5.958,3.083,0.375,0.547,0.482,0.211,0.289,3.49,8.755,6.22,9.81,0.87,0.695,14.61,27.565,91.25,112.2,-8.58
2007-08,2007-12-21,WIZ,HAW,WIZ,11.568,2.04,4.96,0.411,1.64,3.96,0.414,0.4,1.0,0.4,1.36,1.6,0.85,0.36,0.92,1.28,0.64,0.28,0.08,0.96,1.52,5.84,2.832,0.12,0.516,0.452,0.202,0.274,3.529,8.929,6.324,9.343,0.929,0.662,14.314,27.252,88.524,111.714,-8.976
2007-08,2007-12-22,WIZ,PAC,PAC,11.929,2.115,5.077,0.417,1.692,4.0,0.423,0.423,1.077,0.393,1.5,1.731,0.867,0.346,1.0,1.346,0.654,0.269,0.077,0.923,1.538,6.154,3.138,0.269,0.527,0.458,0.212,0.295,3.368,9.268,6.418,9.355,0.886,0.632,13.664,27.159,91.136,112.0,-8.295
2007-08,2007-12-26,WIZ,BOB,BOB,12.19,2.111,5.222,0.404,1.704,4.074,0.418,0.407,1.148,0.355,1.519,1.741,0.872,0.333,0.963,1.296,0.63,0.333,0.074,0.926,1.481,6.148,3.078,0.074,0.513,0.443,0.22,0.291,3.222,8.865,6.139,8.948,1.087,0.604,13.47,27.135,89.87,111.478,-8.23
2007-08,2007-12-28,WIZ,NNE,NNE,12.317,2.071,5.179,0.4,1.679,4.036,0.416,0.393,1.143,0.344,1.464,1.679,0.872,0.321,0.964,1.286,0.607,0.357,0.071,0.929,1.5,6.0,2.936,0.107,0.507,0.438,0.221,0.283,3.088,8.779,6.037,8.575,1.175,0.579,13.742,26.608,87.917,111.417,-8.446
2007-08,2007-12-29,WIZ,HEA,WIZ,12.834,2.172,5.276,0.412,1.759,4.103,0.429,0.414,1.172,0.353,1.552,1.759,0.882,0.345,1.034,1.379,0.621,0.379,0.069,1.0,1.586,6.31,3.183,0.034,0.522,0.451,0.222,0.294,3.136,8.92,6.132,8.472,1.212,0.556,14.132,26.376,89.36,112.04,-8.104
2007-08,2008-01-02,WIZ,PIS,WIZ,12.924,2.2,5.3,0.415,1.733,4.067,0.426,0.467,1.233,0.378,1.5,1.767,0.849,0.333,1.0,1.333,0.6,0.367,0.067,0.967,1.6,6.367,3.19,0.167,0.524,0.459,0.233,0.283,3.015,8.577,5.896,8.146,1.165,0.535,13.588,26.242,89.808,111.462,-7.969
2007-08,2008-01-04,WIZ,BUC,BUC,12.836,2.129,5.226,0.407,1.677,4.0,0.419,0.452,1.226,0.368,1.548,1.839,0.842,0.323,0.968,1.29,0.581,0.355,0.065,0.968,1.677,6.258,3.019,0.194,0.518,0.451,0.235,0.296,2.904,8.259,5.678,7.844,1.122,0.515,13.73,26.326,88.667,112.111,-8.6
2007-08,2008-01-06,WIZ,SUP,WIZ,12.81,2.094,5.219,0.401,1.656,4.0,0.414,0.438,1.219,0.359,1.5,1.781,0.842,0.312,0.938,1.25,0.594,0.344,0.062,1.0,1.656,6.125,2.838,0.0,0.51,0.443,0.234,0.287,2.8,7.964,5.475,7.95,1.082,0.496,14.261,26.439,86.857,111.643,-9.214
2007-08,2008-01-08,WIZ,ROC,WIZ,12.742,2.061,5.182,0.398,1.636,4.0,0.409,0.424,1.182,0.359,1.455,1.727,0.842,0.303,0.97,1.273,0.667,0.333,0.061,1.0,1.667,6.0,2.767,-0.242,0.505,0.439,0.228,0.281,2.703,8.328,5.617,8.928,1.045,0.479,14.459,26.248,86.207,111.069,-9.286
2007-08,2008-01-11,WIZ,HAW,HAW,12.951,2.176,5.353,0.407,1.735,4.147,0.418,0.441,1.206,0.366,1.412,1.676,0.842,0.294,0.941,1.235,0.676,0.324,0.059,1.0,1.676,6.206,2.879,-0.059,0.509,0.448,0.225,0.264,2.613,8.05,5.43,9.15,1.01,0.463,14.253,26.36,86.833,111.267,-8.91
2007-08,2008-01-12,WIZ,CEL,WIZ,12.833,2.143,5.286,0.405,1.714,4.114,0.417,0.429,1.171,0.366,1.371,1.629,0.842,0.286,0.971,1.257,0.714,0.314,0.057,1.0,1.686,6.086,2.811,-0.086,0.507,0.446,0.222,0.259,2.529,8.597,5.655,10.103,0.977,0.448,14.6,26.229,86.387,111.129,-8.971
2007-08,2008-01-14,WIZ,CEL,CEL,12.807,2.139,5.278,0.405,1.722,4.139,0.416,0.417,1.139,0.366,1.389,1.639,0.847,0.306,0.944,1.25,0.694,0.333,0.056,1.028,1.639,6.083,2.817,0.0,0.507,0.445,0.216,0.263,2.744,8.328,5.638,9.788,1.1,0.434,14.938,26.338,86.5,110.688,-8.681
2007-08,2008-01-15,WIZ,KNI,KNI,12.575,2.108,5.189,0.406,1.703,4.081,0.417,0.405,1.108,0.366,1.351,1.595,0.847,0.297,0.919,1.216,0.676,0.324,0.054,1.027,1.595,5.973,2.741,-0.027,0.507,0.445,0.214,0.26,2.661,8.076,5.467,9.491,1.067,0.421,15.494,26.588,85.636,110.606,-8.8
2007-08,2008-01-18,WIZ,KNI,WIZ,12.553,2.053,5.158,0.398,1.658,4.053,0.409,0.395,1.105,0.357,1.316,1.605,0.82,0.289,0.895,1.184,0.658,0.342,0.053,1.053,1.579,5.816,2.537,-0.395,0.496,0.436,0.214,0.255,2.582,7.838,5.306,9.212,1.182,0.409,15.894,26.621,83.118,111.029,-9.491
2007-08,2008-01-21,WIZ,MAV,WIZ,12.714,2.128,5.179,0.411,1.718,4.077,0.421,0.41,1.103,0.372,1.308,1.59,0.823,0.282,0.897,1.179,0.692,0.359,0.077,1.103,1.59,5.974,2.713,-0.231,0.508,0.45,0.213,0.252,2.509,7.783,5.254,9.386,1.226,0.531,16.349,26.511,84.2,110.829,-8.977
2007-08,2008-01-23,WIZ,CAV,CAV,12.742,2.175,5.3,0.41,1.75,4.15,0.422,0.425,1.15,0.37,1.275,1.575,0.81,0.3,0.925,1.225,0.675,0.4,0.075,1.1,1.55,6.05,2.782,-0.25,0.505,0.45,0.217,0.241,2.681,8.103,5.489,9.125,1.419,0.517,16.136,26.878,84.194,110.167,-8.683
2007-08,2008-01-25,WIZ,GRI,WIZ,12.853,2.171,5.341,0.406,1.732,4.146,0.418,0.439,1.195,0.367,1.293,1.585,0.815,0.293,0.927,1.22,0.707,0.415,0.073,1.073,1.537,6.073,2.841,-0.366,0.503,0.447,0.224,0.242,2.608,8.111,5.432,9.446,1.468,0.503,15.7,26.743,84.649,110.919,-8.451
2007-08,2008-01-27,WIZ,BUC,BUC,12.771,2.143,5.262,0.407,1.69,4.071,0.415,0.452,1.19,0.38,1.286,1.595,0.806,0.286,0.952,1.238,0.69,0.405,0.071,1.095,1.548,6.024,2.783,-0.31,0.505,0.45,0.226,0.244,2.539,8.539,5.613,9.197,1.429,0.489,16.366,26.616,84.368,110.684,-8.518
2007-08,2008-01-29,WIZ,RAP,WIZ,12.687,2.116,5.186,0.408,1.674,4.0,0.419,0.442,1.186,0.373,1.302,1.605,0.812,0.279,0.977,1.256,0.698,0.419,0.07,1.093,1.558,5.977,2.8,-0.349,0.507,0.451,0.229,0.251,2.474,9.01,5.803,9.469,1.554,0.477,16.608,26.456,85.179,110.41,-8.264
2007-08,2008-01-30,WIZ,RAP,RAP,12.505,2.091,5.114,0.409,1.659,3.955,0.42,0.432,1.159,0.373,1.273,1.568,0.812,0.273,0.955,1.227,0.682,0.432,0.068,1.068,1.523,5.886,2.782,-0.432,0.507,0.451,0.227,0.249,2.412,8.785,5.658,9.232,1.815,0.465,16.192,26.277,85.875,109.975,-7.765
2007-08,2008-02-01,WIZ,JAZ,WIZ,12.72,2.111,5.178,0.408,1.667,4.022,0.414,0.444,1.156,0.385,1.244,1.533,0.812,0.289,0.956,1.244,0.667,0.422,0.067,1.089,1.533,5.911,2.738,-1.0,0.505,0.451,0.223,0.24,2.483,8.732,5.661,9.007,1.771,0.454,16.285,26.163,85.585,110.805,-7.917
2007-08,2008-02-03,WIZ,LAK,WIZ,12.627,2.065,5.13,0.403,1.63,4.0,0.408,0.435,1.13,0.385,1.217,1.5,0.812,0.283,0.935,1.217,0.674,0.413,0.065,1.065,1.522,5.783,2.639,-1.087,0.499,0.445,0.22,0.237,2.424,8.524,5.526,9.276,1.729,0.443,15.898,25.94,83.976,111.048,-8.174
2007-08,2008-02-05,WIZ,76E,76E,13.002,2.128,5.234,0.407,1.66,4.064,0.408,0.468,1.17,0.4,1.234,1.532,0.806,0.298,0.957,1.255,0.723,0.404,0.064,1.043,1.574,5.957,2.804,-1.149,0.504,0.451,0.224,0.236,2.46,8.588,5.56,9.486,1.688,0.433,15.528,25.765,85.326,111.442,-7.907
2007-08,2008-02-06,WIZ,SPU,WIZ,12.831,2.083,5.125,0.407,1.625,3.979,0.408,0.458,1.146,0.4,1.208,1.5,0.806,0.292,0.938,1.229,0.729,0.396,0.062,1.042,1.583,5.833,2.723,-1.125,0.504,0.451,0.224,0.236,2.405,8.393,5.434,9.918,1.65,0.423,17.448,25.389,84.318,111.409,-8.077
2007-08,2008-02-08,WIZ,NUG,NUG,12.725,2.061,5.102,0.404,1.612,3.98,0.405,0.449,1.122,0.4,1.184,1.469,0.806,0.286,0.918,1.204,0.714,0.388,0.061,1.061,1.551,5.755,2.618,-1.102,0.501,0.448,0.22,0.232,2.351,8.207,5.313,9.698,1.613,0.413,17.8,25.671,83.222,111.556,-8.527
2007-08,2008-02-10,WIZ,SUN,SUN,13.017,2.16,5.26,0.411,1.72,4.14,0.415,0.44,1.12,0.393,1.26,1.56,0.808,0.28,0.92,1.2,0.74,0.4,0.06,1.08,1.56,6.02,2.81,-1.04,0.506,0.452,0.213,0.24,2.3,8.148,5.25,9.763,1.617,0.404,17.659,25.733,83.913,111.739,-8.341
2007-08,2008-02-11,WIZ,WAR,WAR,13.24,2.196,5.392,0.407,1.765,4.255,0.415,0.431,1.137,0.379,1.275,1.569,0.812,0.275,0.941,1.216,0.824,0.392,0.078,1.078,1.588,6.098,2.869,-1.0,0.501,0.447,0.211,0.236,2.251,8.213,5.24,10.251,1.583,0.462,17.436,25.709,84.234,111.851,-8.249
2007-08,2008-02-13,WIZ,CLI,CLI,13.371,2.231,5.538,0.403,1.808,4.423,0.409,0.423,1.115,0.379,1.308,1.596,0.819,0.288,0.942,1.231,0.846,0.404,0.077,1.096,1.635,6.192,2.877,-1.365,0.496,0.441,0.201,0.236,2.315,8.162,5.248,10.346,1.6,0.452,17.329,25.883,84.25,112.083,-8.365
2007-08,2008-02-19,WIZ,KNI,WIZ,13.163,2.189,5.434,0.403,1.774,4.34,0.409,0.415,1.094,0.379,1.283,1.566,0.819,0.283,0.925,1.208,0.83,0.396,0.075,1.094,1.604,6.075,2.804,-1.302,0.496,0.441,0.201,0.236,2.267,7.996,5.141,10.135,1.567,0.443,19.016,25.735,82.531,112.082,-8.82
2007-08,2008-02-22,WIZ,CAV,CAV,13.31,2.259,5.5,0.411,1.852,4.407,0.42,0.407,1.093,0.373,1.259,1.537,0.819,0.278,0.926,1.204,0.815,0.389,0.074,1.111,1.611,6.185,2.856,-1.389,0.501,0.448,0.199,0.229,2.222,7.958,5.096,9.932,1.536,0.434,19.0,25.72,82.92,112.36,-8.762
2007-08,2008-02-23,WIZ,BOB,WIZ,13.191,2.236,5.473,0.409,1.836,4.382,0.419,0.4,1.091,0.367,1.236,1.509,0.819,0.273,0.964,1.236,0.8,0.382,0.073,1.127,1.618,6.109,2.762,-1.382,0.498,0.445,0.199,0.226,2.178,8.822,5.561,9.737,1.506,0.425,19.28,26.137,81.922,112.039,-9.345
2007-08,2008-02-25,WIZ,NHO,NHO,13.33,2.25,5.5,0.409,1.857,4.429,0.419,0.393,1.071,0.367,1.214,1.482,0.819,0.286,1.018,1.304,0.786,0.411,0.089,1.143,1.607,6.107,2.793,-1.196,0.496,0.445,0.195,0.221,2.229,9.169,5.721,9.55,1.581,0.49,19.337,25.998,81.846,111.827,-9.287
2007-08,2008-02-26,WIZ,ROC,ROC,13.348,2.263,5.491,0.412,1.877,4.421,0.425,0.386,1.07,0.361,1.228,1.491,0.824,0.281,1.0,1.281,0.772,0.404,0.088,1.158,1.632,6.14,2.788,-1.421,0.499,0.447,0.195,0.224,2.187,8.996,5.613,9.37,1.551,0.481,19.451,26.017,82.208,111.906,-9.281
2007-08,2008-02-29,WIZ,BUL,BUL,13.562,2.328,5.586,0.417,1.948,4.517,0.431,0.379,1.069,0.355,1.276,1.552,0.822,0.276,1.069,1.345,0.759,0.397,0.086,1.155,1.621,6.31,2.919,-1.793,0.503,0.451,0.191,0.228,2.146,9.261,5.696,9.196,1.522,0.472,19.22,26.035,82.778,111.907,-9.041
2007-08,2008-03-02,WIZ,NHO,WIZ,13.499,2.305,5.559,0.415,1.932,4.508,0.429,0.373,1.051,0.355,1.254,1.525,0.822,0.271,1.068,1.339,0.746,0.39,0.085,1.136,1.627,6.237,2.854,-1.831,0.501,0.448,0.189,0.226,2.107,9.309,5.689,9.029,1.495,0.464,18.871,25.867,82.382,111.764,-9.158
2007-08,2008-03-05,WIZ,MAG,WIZ,13.492,2.3,5.567,0.413,1.933,4.517,0.428,0.367,1.05,0.349,1.267,1.533,0.826,0.283,1.133,1.417,0.75,0.383,0.083,1.117,1.6,6.233,2.898,-1.767,0.499,0.446,0.189,0.228,2.221,9.871,6.034,9.105,1.468,0.455,18.534,25.85,82.964,111.429,-8.993
2007-08,2008-03-07,WIZ,RAP,RAP,13.606,2.344,5.557,0.422,1.951,4.492,0.434,0.393,1.066,0.369,1.295,1.574,0.823,0.279,1.18,1.459,0.754,0.377,0.082,1.115,1.574,6.377,3.08,-1.836,0.51,0.457,0.192,0.233,2.182,10.181,6.144,9.123,1.442,0.447,18.435,25.704,84.632,111.807,-8.637
2007-08,2008-03-08,WIZ,BOB,WIZ,13.847,2.403,5.677,0.423,1.984,4.548,0.436,0.419,1.129,0.371,1.274,1.548,0.823,0.274,1.194,1.468,0.79,0.387,0.081,1.129,1.597,6.5,3.156,-1.79,0.511,0.46,0.199,0.224,2.145,10.126,6.112,9.288,1.45,0.44,18.347,25.69,84.948,111.793,-8.526
2007-08,2008-03-11,WIZ,BUC,WIZ,14.004,2.429,5.73,0.424,1.984,4.54,0.437,0.444,1.19,0.373,1.27,1.556,0.816,0.286,1.206,1.492,0.841,0.397,0.079,1.159,1.667,6.571,3.195,-1.778,0.512,0.463,0.208,0.222,2.188,10.131,6.134,9.703,1.464,0.432,18.431,25.695,85.136,111.831,-8.464
2007-08,2008-03-13,WIZ,CAV,WIZ,14.207,2.531,5.875,0.431,2.062,4.656,0.443,0.469,1.219,0.385,1.281,1.562,0.82,0.297,1.25,1.547,0.844,0.438,0.078,1.188,1.719,6.812,3.391,-1.422,0.519,0.471,0.207,0.218,2.225,10.213,6.202,9.655,1.533,0.425,18.388,25.775,85.633,111.517,-8.22
2007-08,2008-03-15,WIZ,CLI,WIZ,14.267,2.538,5.908,0.43,2.062,4.677,0.441,0.477,1.231,0.388,1.308,1.6,0.817,0.292,1.262,1.554,0.831,0.446,0.077,1.2,1.708,6.862,3.406,-1.277,0.519,0.47,0.208,0.221,2.189,10.231,6.2,9.497,1.557,0.418,18.366,25.879,85.607,111.492,-8.177
2007-08,2008-03-17,WIZ,HAW,WIZ,14.304,2.561,5.924,0.432,2.061,4.667,0.442,0.5,1.258,0.398,1.288,1.576,0.817,0.303,1.288,1.591,0.818,0.455,0.076,1.227,1.712,6.909,3.438,-1.242,0.522,0.474,0.212,0.217,2.258,10.431,6.324,9.344,1.584,0.411,18.553,25.898,85.661,111.403,-8.065
2007-08,2008-03-19,WIZ,MAG,MAG,14.291,2.552,5.94,0.43,2.06,4.701,0.438,0.493,1.239,0.398,1.269,1.552,0.817,0.299,1.284,1.582,0.836,0.448,0.075,1.224,1.716,6.866,3.384,-1.209,0.518,0.471,0.209,0.214,2.222,10.448,6.3,9.576,1.559,0.405,18.457,25.948,85.397,111.762,-8.225
2007-08,2008-03-25,WIZ,BLA,BLA,14.204,2.515,5.868,0.429,2.029,4.647,0.437,0.485,1.221,0.398,1.25,1.529,0.817,0.294,1.265,1.559,0.824,0.441,0.074,1.221,1.706,6.765,3.303,-1.221,0.517,0.47,0.208,0.213,2.188,10.284,6.202,9.427,1.534,0.398,18.95,25.722,84.062,111.781,-8.417
2007-08,2008-03-26,WIZ,SUP,SUP,14.231,2.507,5.87,0.427,2.029,4.652,0.436,0.478,1.217,0.393,1.232,1.507,0.817,0.29,1.261,1.551,0.826,0.449,0.072,1.203,1.696,6.725,3.287,-1.203,0.515,0.468,0.207,0.21,2.154,10.238,6.157,9.482,1.566,0.392,18.658,25.611,83.954,111.923,-8.388
2007-08,2008-03-28,WIZ,KIN,KIN,14.113,2.486,5.829,0.426,2.014,4.614,0.437,0.471,1.214,0.388,1.214,1.486,0.817,0.286,1.243,1.529,0.814,0.443,0.071,1.186,1.671,6.657,3.244,-1.3,0.513,0.467,0.208,0.208,2.121,10.083,6.064,9.338,1.542,0.386,18.376,25.586,83.712,112.091,-8.512
2007-08,2008-03-30,WIZ,LAK,LAK,14.06,2.493,5.817,0.429,2.028,4.606,0.44,0.465,1.211,0.384,1.197,1.465,0.817,0.282,1.225,1.507,0.817,0.437,0.07,1.183,1.662,6.648,3.241,-1.366,0.514,0.469,0.208,0.206,2.09,9.933,5.973,9.455,1.519,0.381,18.351,25.563,84.0,112.134,-8.422
2007-08,2008-03-31,WIZ,JAZ,JAZ,14.302,2.597,5.958,0.436,2.097,4.708,0.445,0.5,1.25,0.4,1.236,1.5,0.824,0.292,1.222,1.514,0.819,0.431,0.083,1.181,1.667,6.931,3.479,-1.5,0.524,0.478,0.21,0.207,2.115,9.844,5.943,9.419,1.497,0.416,18.159,25.618,84.838,112.456,-8.199
2007-08,2008-04-02,WIZ,BUC,WIZ,14.482,2.63,5.973,0.44,2.137,4.74,0.451,0.493,1.233,0.4,1.329,1.616,0.822,0.288,1.205,1.493,0.836,0.466,0.082,1.192,1.658,7.082,3.655,-1.863,0.53,0.482,0.206,0.222,2.084,9.701,5.857,9.52,1.567,0.41,18.112,25.604,85.638,112.971,-7.954
2007-08,2008-04-04,WIZ,HEA,WIZ,14.47,2.635,5.946,0.443,2.149,4.73,0.454,0.486,1.216,0.4,1.311,1.595,0.822,0.284,1.189,1.473,0.824,0.473,0.081,1.189,1.635,7.068,3.665,-1.838,0.532,0.484,0.205,0.22,2.054,9.563,5.773,9.384,1.597,0.404,18.139,25.483,85.971,113.043,-7.85
2007-08,2008-04-05,WIZ,BUL,BUL,14.379,2.613,5.893,0.443,2.133,4.68,0.456,0.48,1.213,0.396,1.293,1.573,0.822,0.28,1.173,1.453,0.827,0.467,0.08,1.187,1.653,7.0,3.609,-1.88,0.531,0.484,0.206,0.219,2.025,9.428,5.692,9.53,1.575,0.399,18.352,25.407,85.93,113.225,-8.059
2007-08,2008-04-09,WIZ,CEL,WIZ,14.297,2.592,5.868,0.442,2.118,4.645,0.456,0.474,1.224,0.387,1.276,1.553,0.822,0.289,1.158,1.447,0.816,0.461,0.079,1.184,1.645,6.934,3.547,-1.947,0.529,0.482,0.209,0.217,2.214,9.297,5.714,9.397,1.553,0.393,18.375,25.438,85.556,113.125,-8.235
2007-08,2008-04-11,WIZ,PIS,PIS,14.111,2.558,5.792,0.442,2.091,4.584,0.456,0.468,1.208,0.387,1.26,1.532,0.822,0.286,1.143,1.429,0.805,0.455,0.078,1.169,1.623,6.844,3.501,-1.922,0.529,0.482,0.209,0.217,2.214,9.297,5.714,9.397,1.553,0.393,18.375,25.438,85.556,113.125,-8.235
2007-08,2008-04-12,WIZ,76E,WIZ,14.154,2.551,5.833,0.437,2.064,4.603,0.448,0.487,1.231,0.396,1.244,1.513,0.822,0.282,1.141,1.423,0.795,0.449,0.09,1.179,1.628,6.833,3.44,-2.051,0.526,0.479,0.211,0.213,2.184,9.281,5.677,9.268,1.532,0.448,18.373,25.481,85.192,113.247,-8.266
2007-08,2008-04-14,WIZ,PAC,WIZ,13.975,2.519,5.759,0.437,2.038,4.544,0.448,0.481,1.215,0.396,1.228,1.494,0.822,0.278,1.127,1.405,0.785,0.443,0.089,1.165,1.608,6.747,3.396,-2.025,0.526,0.479,0.211,0.213,2.184,9.281,5.677,9.268,1.532,0.448,18.373,25.481,85.192,113.247,-8.266
2007-08,2008-04-16,WIZ,MAG,MAG,14.038,2.55,5.812,0.439,2.05,4.575,0.448,0.5,1.238,0.404,1.238,1.525,0.811,0.288,1.15,1.438,0.775,0.438,0.088,1.162,1.6,6.838,3.459,-1.888,0.527,0.482,0.213,0.213,2.228,9.395,5.754,9.143,1.511,0.442,18.23,25.5,85.703,113.284,-8.139
2007-08,2008-04-21,WIZ,CAV,CAV,14.292,2.593,5.901,0.439,2.099,4.667,0.45,0.494,1.235,0.4,1.247,1.531,0.815,0.284,1.136,1.42,0.778,0.432,0.086,1.16,1.605,6.926,3.493,-2.185,0.527,0.481,0.209,0.211,2.199,9.269,5.677,9.088,1.491,0.436,18.076,25.453,85.92,113.547,-8.153
2007-08,2008-04-24,WIZ,CAV,WIZ,14.2,2.561,5.878,0.436,2.073,4.646,0.446,0.488,1.232,0.396,1.232,1.512,0.815,0.28,1.122,1.402,0.768,0.427,0.085,1.146,1.598,6.841,3.411,-2.244,0.523,0.477,0.21,0.21,2.17,9.147,5.603,8.968,1.471,0.43,17.838,25.486,84.789,113.882,-8.482
2007-08,2008-04-27,WIZ,CAV,WIZ,14.091,2.53,5.831,0.434,2.048,4.602,0.445,0.482,1.229,0.392,1.217,1.494,0.815,0.277,1.108,1.386,0.759,0.422,0.084,1.145,1.578,6.759,3.341,-2.241,0.521,0.475,0.211,0.209,2.142,9.029,5.53,8.852,1.452,0.425,18.039,25.523,83.688,113.61,-8.791
2007-08,2008-04-30,WIZ,CAV,CAV,13.923,2.5,5.762,0.434,2.024,4.548,0.445,0.476,1.214,0.392,1.202,1.476,0.815,0.274,1.095,1.369,0.75,0.417,0.083,1.131,1.56,6.679,3.301,-2.214,0.521,0.475,0.211,0.209,2.142,9.029,5.53,8.852,1.452,0.425,18.039,25.523,83.688,113.61,-8.791
2007-08,2008-05-02,WIZ,CAV,WIZ,13.798,2.471,5.718,0.432,2.0,4.518,0.443,0.471,1.2,0.392,1.188,1.459,0.815,0.282,1.082,1.365,0.753,0.424,0.082,1.118,1.541,6.6,3.274,-2.2,0.519,0.473,0.21,0.208,2.603,8.913,5.7,9.353,1.658,0.419,17.808,25.581,83.333,113.115,-8.504
2008-09,2008-10-29,WIZ,NNE,WIZ,13.432,2.455,5.608,0.439,2.012,4.454,0.453,0.443,1.153,0.373,1.151,1.417,0.773,0.266,1.077,1.343,0.78,0.433,0.101,1.1,1.474,6.506,3.327,-2.041,0.523,0.478,0.204,0.204,2.448,9.891,6.024,11.142,2.065,0.613,17.611,26.172,85.27,111.67,-6.283
2008-09,2008-11-01,WIZ,PIS,PIS,13.823,2.563,5.724,0.446,2.141,4.555,0.466,0.423,1.169,0.356,1.432,1.686,0.829,0.284,1.074,1.358,0.828,0.452,0.104,1.065,1.566,6.983,3.834,-1.691,0.537,0.484,0.204,0.247,2.536,9.66,5.959,11.126,2.053,0.585,16.811,26.137,88.895,112.504,-5.693
2008-09,2008-11-05,WIZ,BUC,BUC,14.196,2.655,5.968,0.442,2.25,4.741,0.466,0.404,1.227,0.341,1.54,1.783,0.837,0.308,1.103,1.411,0.908,0.439,0.103,1.059,1.553,7.255,4.057,-1.168,0.532,0.477,0.206,0.247,2.626,9.684,6.013,11.843,1.963,0.56,16.354,26.231,89.682,112.612,-5.524
2008-09,2008-11-07,WIZ,KNI,WIZ,14.75,2.811,6.186,0.448,2.39,4.898,0.475,0.421,1.288,0.345,1.541,1.807,0.834,0.299,1.068,1.367,0.953,0.458,0.167,1.054,1.602,7.584,4.351,-0.878,0.536,0.484,0.208,0.239,2.517,9.28,5.762,11.733,1.948,0.766,15.972,25.988,90.82,112.42,-5.227
2008-09,2008-11-08,WIZ,MAG,MAG,15.309,2.996,6.397,0.457,2.557,5.082,0.484,0.439,1.315,0.35,1.601,1.89,0.831,0.29,1.131,1.421,0.929,0.477,0.165,1.117,1.618,8.031,4.657,-1.141,0.544,0.493,0.206,0.239,2.416,9.381,5.776,11.263,1.942,0.735,16.05,25.997,91.747,112.643,-4.854
2008-09,2008-11-12,WIZ,JAZ,WIZ,15.862,3.008,6.532,0.452,2.584,5.224,0.478,0.424,1.308,0.34,1.688,1.969,0.837,0.281,1.161,1.442,0.902,0.463,0.227,1.114,1.633,8.128,4.679,-0.753,0.54,0.487,0.203,0.245,2.323,9.324,5.704,10.83,1.868,0.915,15.732,25.716,91.949,112.465,-4.929
2008-09,2008-11-14,WIZ,HEA,HEA,16.433,3.049,6.69,0.449,2.639,5.39,0.475,0.409,1.3,0.33,1.803,2.139,0.828,0.304,1.125,1.429,0.908,0.448,0.222,1.143,1.582,8.31,4.727,-1.324,0.537,0.482,0.199,0.253,2.363,8.979,5.556,10.647,1.798,0.881,15.609,25.675,91.914,112.966,-5.02
2008-09,2008-11-18,WIZ,HEA,WIZ,16.925,3.086,6.87,0.444,2.69,5.579,0.469,0.396,1.292,0.321,1.88,2.206,0.834,0.326,1.153,1.479,0.944,0.498,0.217,1.234,1.659,8.447,4.729,-1.114,0.533,0.477,0.194,0.256,2.429,8.922,5.568,10.713,1.859,0.849,15.855,25.733,91.346,112.681,-5.109
2008-09,2008-11-19,WIZ,HAW,HAW,17.308,3.119,7.04,0.44,2.737,5.757,0.465,0.383,1.283,0.312,1.858,2.206,0.829,0.348,1.18,1.528,0.979,0.483,0.211,1.321,1.609,8.48,4.61,-1.164,0.527,0.471,0.19,0.249,2.473,8.839,5.555,10.758,1.795,0.82,16.126,25.818,90.334,112.693,-5.45
2008-09,2008-11-21,WIZ,ROC,WIZ,17.261,3.06,6.987,0.436,2.689,5.682,0.465,0.371,1.306,0.301,1.836,2.204,0.825,0.338,1.175,1.513,0.951,0.468,0.206,1.282,1.621,8.327,4.449,-1.395,0.523,0.467,0.193,0.25,2.39,8.834,5.507,10.399,1.735,0.793,15.588,25.577,89.256,113.103,-5.838
2008-09,2008-11-22,WIZ,KNI,KNI,17.332,3.15,7.084,0.442,2.761,5.757,0.469,0.389,1.327,0.309,1.904,2.291,0.823,0.387,1.2,1.587,0.983,0.455,0.2,1.245,1.692,8.593,4.732,-1.262,0.528,0.473,0.193,0.254,2.661,8.92,5.687,10.629,1.679,0.767,15.085,25.607,91.473,113.615,-5.43
2008-09,2008-11-25,WIZ,WAR,WIZ,17.469,3.177,7.088,0.444,2.8,5.798,0.472,0.377,1.289,0.304,1.852,2.228,0.824,0.405,1.252,1.658,0.956,0.471,0.252,1.239,1.673,8.584,4.812,-0.991,0.529,0.475,0.188,0.25,2.719,9.116,5.806,10.296,1.699,0.959,15.004,25.254,92.146,113.159,-5.27
2008-09,2008-11-27,WIZ,MAG,WIZ,17.633,3.175,7.09,0.444,2.809,5.809,0.473,0.366,1.282,0.297,1.802,2.168,0.825,0.394,1.218,1.612,0.985,0.458,0.246,1.204,1.627,8.519,4.786,-0.818,0.527,0.474,0.187,0.245,2.636,8.84,5.63,10.43,1.647,0.93,14.55,24.91,92.293,113.457,-5.244
2008-09,2008-11-29,WIZ,HAW,WIZ,17.642,3.145,7.037,0.444,2.762,5.735,0.472,0.383,1.302,0.306,1.754,2.111,0.825,0.439,1.24,1.678,1.014,0.472,0.24,1.199,1.637,8.428,4.794,-0.545,0.527,0.474,0.19,0.242,2.909,9.027,5.859,10.688,1.693,0.902,14.613,24.645,92.785,113.532,-5.095
2008-09,2008-12-02,WIZ,NNE,NNE,17.716,3.197,7.067,0.448,2.797,5.773,0.475,0.399,1.294,0.317,1.736,2.082,0.827,0.427,1.234,1.661,1.041,0.46,0.234,1.194,1.62,8.528,4.903,-0.58,0.531,0.479,0.188,0.239,2.826,8.935,5.777,10.811,1.645,0.876,14.498,24.609,93.734,113.402,-4.913
2008-09,2008-12-03,WIZ,BLA,WIZ,17.788,3.219,7.12,0.448,2.752,5.755,0.471,0.468,1.365,0.349,1.691,2.029,0.828,0.443,1.306,1.749,1.041,0.448,0.228,1.215,1.631,8.597,4.937,-0.614,0.533,0.482,0.195,0.233,2.936,9.403,6.075,10.752,1.599,0.852,14.601,24.72,93.963,113.53,-4.81
2008-09,2008-12-05,WIZ,LAK,WIZ,17.957,3.266,7.196,0.45,2.785,5.84,0.47,0.481,1.356,0.359,1.7,2.03,0.831,0.432,1.325,1.756,1.091,0.462,0.248,1.21,1.64,8.713,5.085,0.043,0.535,0.485,0.192,0.232,2.857,9.406,6.038,11.019,1.615,0.929,14.433,24.614,94.829,113.57,-4.533
2008-09,2008-12-06,WIZ,BUL,BUL,17.957,3.211,7.169,0.445,2.742,5.797,0.467,0.469,1.372,0.348,1.684,2.03,0.825,0.421,1.342,1.763,1.165,0.451,0.242,1.205,1.624,8.574,4.981,-0.154,0.53,0.479,0.195,0.231,2.782,9.545,6.079,11.405,1.573,0.905,14.388,24.508,94.228,113.976,-4.783
2008-09,2008-12-09,WIZ,PIS,WIZ,17.944,3.207,7.143,0.446,2.749,5.804,0.468,0.458,1.339,0.347,1.716,2.054,0.83,0.411,1.334,1.745,1.185,0.464,0.236,1.176,1.585,8.588,5.074,-0.221,0.531,0.48,0.191,0.236,2.71,9.518,6.02,11.597,1.617,0.882,14.019,24.419,95.351,113.848,-4.501
2008-09,2008-12-11,WIZ,CEL,WIZ,17.958,3.132,7.07,0.441,2.684,5.738,0.463,0.447,1.331,0.341,1.771,2.101,0.836,0.402,1.35,1.752,1.158,0.453,0.231,1.148,1.547,8.481,4.998,-0.904,0.529,0.475,0.191,0.245,2.642,9.69,6.065,11.307,1.576,0.859,13.668,24.163,94.967,114.277,-4.624
2008-09,2008-12-13,WIZ,76E,76E,17.643,3.059,6.93,0.44,2.623,5.606,0.464,0.436,1.324,0.335,1.73,2.053,0.837,0.392,1.319,1.711,1.131,0.443,0.226,1.121,1.511,8.286,4.867,-0.928,0.528,0.473,0.194,0.245,2.578,9.454,5.917,11.031,1.538,0.839,13.335,23.835,92.651,114.441,-4.925
2008-09,2008-12-15,WIZ,PAC,WIZ,17.366,3.013,6.865,0.438,2.586,5.571,0.461,0.426,1.293,0.334,1.691,2.007,0.837,0.383,1.289,1.673,1.106,0.433,0.221,1.118,1.477,8.144,4.726,-1.019,0.525,0.47,0.191,0.242,2.517,9.229,5.776,10.769,1.502,0.818,13.494,24.229,91.445,114.859,-5.508
2008-09,2008-12-17,WIZ,PIS,PIS,17.328,2.969,6.913,0.43,2.552,5.626,0.452,0.417,1.287,0.328,1.655,1.962,0.838,0.375,1.283,1.658,1.104,0.423,0.216,1.093,1.488,8.009,4.54,-1.241,0.516,0.462,0.189,0.236,2.458,9.203,5.728,10.832,1.467,0.8,13.18,24.301,90.086,114.676,-5.817
2008-09,2008-12-19,WIZ,76E,WIZ,17.394,3.013,6.981,0.432,2.584,5.657,0.455,0.43,1.325,0.33,1.64,1.964,0.831,0.367,1.299,1.665,1.145,0.414,0.211,1.07,1.521,8.097,4.618,-1.3,0.517,0.464,0.192,0.233,2.402,9.303,5.739,11.183,1.433,0.782,12.88,24.291,90.97,114.843,-5.658
2008-09,2008-12-21,WIZ,MAV,WIZ,17.309,2.949,6.919,0.427,2.529,5.622,0.449,0.421,1.297,0.329,1.691,2.007,0.837,0.359,1.293,1.652,1.121,0.405,0.207,1.089,1.489,8.01,4.51,-1.315,0.514,0.459,0.19,0.241,2.349,9.278,5.702,10.935,1.401,0.764,13.168,24.356,90.304,114.98,-5.956
2008-09,2008-12-23,WIZ,BOB,BOB,17.371,2.95,6.984,0.424,2.539,5.694,0.446,0.411,1.29,0.323,1.656,1.966,0.837,0.351,1.265,1.617,1.098,0.396,0.203,1.067,1.457,7.969,4.42,-0.994,0.51,0.455,0.188,0.234,2.298,9.077,5.578,10.697,1.371,0.747,12.881,24.344,89.775,114.697,-6.012
2008-09,2008-12-25,WIZ,CAV,CAV,17.252,2.911,6.944,0.421,2.487,5.66,0.44,0.424,1.284,0.333,1.623,1.926,0.838,0.365,1.281,1.646,1.117,0.388,0.199,1.065,1.448,7.868,4.355,-1.239,0.507,0.453,0.188,0.231,2.461,9.33,5.785,10.998,1.342,0.732,12.963,24.33,89.483,114.512,-6.011
2008-09,2008-12-27,WIZ,THU,WIZ,17.348,2.933,7.066,0.417,2.518,5.768,0.438,0.415,1.299,0.324,1.61,1.927,0.832,0.378,1.295,1.673,1.114,0.4,0.195,1.064,1.459,7.892,4.314,-1.315,0.501,0.448,0.187,0.226,2.498,9.382,5.819,10.894,1.364,0.716,12.832,24.398,89.243,114.335,-6.18
2008-09,2008-12-29,WIZ,ROC,ROC,17.462,2.994,7.145,0.421,2.587,5.832,0.443,0.407,1.313,0.315,1.618,1.929,0.835,0.37,1.309,1.68,1.113,0.393,0.191,1.083,1.49,8.013,4.364,-1.288,0.504,0.451,0.187,0.225,2.447,9.384,5.804,10.853,1.336,0.702,12.864,24.513,89.402,114.124,-6.176
2008-09,2008-12-30,WIZ,NHO,NHO,17.534,2.994,7.162,0.42,2.595,5.836,0.445,0.399,1.326,0.307,1.606,1.931,0.829,0.363,1.304,1.667,1.111,0.385,0.187,1.061,1.461,7.993,4.341,-1.437,0.502,0.449,0.188,0.223,2.398,9.322,5.748,10.792,1.309,0.688,12.607,24.458,89.354,114.342,-6.181
2008-09,2009-01-02,WIZ,CEL,CEL,17.528,3.013,7.141,0.423,2.622,5.821,0.449,0.391,1.32,0.302,1.709,2.027,0.838,0.376,1.279,1.654,1.089,0.378,0.184,1.041,1.433,8.127,4.509,-1.391,0.508,0.452,0.188,0.236,2.461,9.14,5.702,10.58,1.284,0.674,12.359,24.471,91.072,114.766,-5.832
2008-09,2009-01-04,WIZ,CAV,WIZ,17.718,3.032,7.195,0.423,2.648,5.862,0.451,0.384,1.332,0.295,1.677,1.99,0.838,0.368,1.292,1.66,1.106,0.389,0.18,1.04,1.462,8.126,4.488,-1.364,0.506,0.451,0.188,0.231,2.414,9.124,5.669,10.644,1.297,0.661,12.297,24.35,91.128,114.367,-5.751
2008-09,2009-01-06,WIZ,MAG,MAG,17.71,3.013,7.173,0.422,2.636,5.846,0.45,0.377,1.327,0.291,1.647,1.953,0.839,0.38,1.268,1.649,1.086,0.382,0.177,1.04,1.435,8.05,4.412,-1.541,0.504,0.45,0.188,0.228,2.477,8.951,5.623,10.443,1.273,0.649,12.335,24.236,90.598,114.247,-5.814
2008-09,2009-01-07,WIZ,RAP,WIZ,17.824,3.031,7.206,0.422,2.643,5.868,0.45,0.388,1.339,0.296,1.617,1.918,0.839,0.391,1.282,1.673,1.121,0.393,0.192,1.057,1.446,8.068,4.452,-1.512,0.503,0.451,0.188,0.223,2.52,9.082,5.685,10.609,1.292,0.707,12.444,24.187,90.642,114.205,-5.747
2008-09,2009-01-09,WIZ,BUL,BUL,17.99,3.19,7.345,0.434,2.773,5.959,0.462,0.417,1.386,0.307,1.624,1.92,0.842,0.402,1.295,1.697,1.119,0.386,0.189,1.091,1.456,8.421,4.736,-1.415,0.515,0.464,0.191,0.22,2.557,9.082,5.706,10.649,1.268,0.694,12.506,24.373,91.54,114.293,-5.406
2008-09,2009-01-10,WIZ,BOB,WIZ,18.126,3.239,7.374,0.439,2.83,6.012,0.467,0.409,1.362,0.307,1.596,1.887,0.842,0.395,1.289,1.685,1.134,0.379,0.185,1.09,1.447,8.484,4.8,-1.547,0.518,0.468,0.187,0.217,2.511,9.027,5.659,10.751,1.246,0.682,12.462,24.299,92.155,114.377,-5.295
2008-09,2009-01-12,WIZ,BUC,WIZ,18.358,3.389,7.573,0.446,2.935,6.132,0.475,0.453,1.441,0.321,1.62,1.923,0.839,0.388,1.267,1.656,1.149,0.39,0.182,1.123,1.44,8.852,5.061,-1.452,0.525,0.477,0.192,0.214,2.467,8.869,5.559,10.879,1.257,0.67,12.464,24.5,92.819,114.563,-5.017
2008-09,2009-01-14,WIZ,KNI,KNI,18.609,3.55,7.732,0.456,3.054,6.264,0.482,0.496,1.467,0.343,1.66,1.958,0.843,0.399,1.263,1.662,1.13,0.383,0.179,1.12,1.449,9.258,5.405,-1.427,0.537,0.489,0.192,0.215,2.521,8.785,5.545,10.691,1.236,0.658,12.337,24.569,94.322,115.346,-4.791
2008-09,2009-01-16,WIZ,KNI,WIZ,18.903,3.591,7.836,0.455,3.087,6.376,0.479,0.505,1.46,0.35,1.633,1.926,0.844,0.392,1.292,1.684,1.128,0.377,0.193,1.135,1.442,9.32,5.408,-1.222,0.535,0.489,0.189,0.209,2.478,8.778,5.525,10.586,1.215,0.694,12.339,24.502,94.096,115.205,-4.848
2008-09,2009-01-19,WIZ,WAR,WAR,18.973,3.566,7.855,0.451,3.053,6.37,0.475,0.513,1.485,0.349,1.639,1.943,0.84,0.386,1.32,1.705,1.142,0.371,0.19,1.116,1.467,9.283,5.356,-1.446,0.532,0.485,0.192,0.209,2.437,8.905,5.565,10.603,1.194,0.683,12.134,24.413,94.061,115.518,-4.942
2008-09,2009-01-21,WIZ,KIN,KIN,18.841,3.541,7.81,0.451,3.037,6.333,0.475,0.505,1.477,0.346,1.613,1.912,0.84,0.38,1.315,1.694,1.124,0.365,0.187,1.098,1.46,9.199,5.29,-1.534,0.53,0.484,0.192,0.207,2.397,8.927,5.567,10.429,1.174,0.672,11.935,24.353,94.077,115.591,-5.055
2008-09,2009-01-22,WIZ,LAK,LAK,18.856,3.517,7.798,0.449,3.02,6.312,0.474,0.497,1.485,0.339,1.587,1.882,0.84,0.374,1.294,1.668,1.122,0.375,0.184,1.081,1.436,9.118,5.232,-1.447,0.528,0.481,0.193,0.205,2.358,8.783,5.477,10.384,1.2,0.661,11.743,24.223,93.769,115.888,-5.145
2008-09,2009-01-24,WIZ,BLA,BLA,18.682,3.478,7.724,0.448,2.974,6.23,0.473,0.505,1.493,0.342,1.563,1.853,0.841,0.383,1.289,1.673,1.105,0.369,0.181,1.08,1.414,9.023,5.171,-1.548,0.528,0.482,0.195,0.204,2.624,8.866,5.648,10.219,1.181,0.65,11.953,24.237,93.567,115.89,-5.14
2008-09,2009-01-26,WIZ,SUN,WIZ,18.632,3.44,7.697,0.445,2.944,6.227,0.469,0.497,1.471,0.342,1.569,1.855,0.843,0.377,1.285,1.662,1.104,0.379,0.193,1.079,1.408,8.947,5.115,-1.586,0.525,0.479,0.193,0.205,2.583,8.843,5.612,10.228,1.214,0.714,11.964,24.225,93.026,115.735,-5.187
2008-09,2009-01-28,WIZ,HEA,HEA,18.653,3.434,7.687,0.445,2.945,6.224,0.47,0.489,1.464,0.339,1.546,1.827,0.843,0.387,1.266,1.653,1.087,0.388,0.19,1.077,1.417,8.903,5.072,-1.712,0.524,0.478,0.192,0.202,2.618,8.706,5.566,10.07,1.236,0.703,11.973,24.136,92.81,115.601,-5.173
2008-09,2009-01-30,WIZ,76E,76E,18.53,3.398,7.648,0.443,2.916,6.205,0.467,0.482,1.442,0.338,1.523,1.8,0.843,0.381,1.247,1.628,1.086,0.383,0.188,1.091,1.395,8.801,4.961,-1.584,0.522,0.475,0.19,0.201,2.579,8.574,5.482,10.151,1.218,0.692,12.225,24.244,91.98,115.759,-5.493
2008-09,2009-01-31,WIZ,CLI,WIZ,18.6,3.465,7.697,0.448,2.976,6.247,0.473,0.49,1.45,0.341,1.574,1.862,0.843,0.376,1.243,1.619,1.069,0.377,0.2,1.104,1.404,8.994,5.112,-1.268,0.527,0.481,0.19,0.206,2.541,8.527,5.436,10.0,1.199,0.746,12.233,24.291,92.667,115.568,-5.293
2008-09,2009-02-02,WIZ,GRI,WIZ,18.694,3.487,7.774,0.447,2.976,6.272,0.472,0.512,1.502,0.345,1.565,1.849,0.844,0.37,1.226,1.596,1.069,0.386,0.197,1.089,1.385,9.052,5.148,-1.365,0.527,0.48,0.195,0.203,2.503,8.402,5.356,9.955,1.213,0.735,12.054,24.28,92.981,115.722,-5.224
2008-09,2009-02-04,WIZ,NNE,WIZ,18.924,3.58,7.948,0.449,3.076,6.425,0.475,0.504,1.523,0.336,1.558,1.837,0.845,0.379,1.237,1.616,1.11,0.394,0.194,1.087,1.407,9.222,5.273,-1.473,0.526,0.481,0.193,0.198,2.51,8.447,5.364,10.172,1.218,0.724,11.947,24.353,93.271,116.016,-5.141
2008-09,2009-02-06,WIZ,NUG,WIZ,18.986,3.628,8.061,0.448,3.089,6.489,0.473,0.539,1.571,0.348,1.578,1.868,0.842,0.388,1.233,1.621,1.109,0.403,0.191,1.072,1.416,9.373,5.383,-1.522,0.527,0.483,0.196,0.198,2.543,8.403,5.36,10.17,1.232,0.714,11.776,24.49,93.653,116.258,-5.018
2008-09,2009-02-08,WIZ,PAC,WIZ,19.166,3.661,8.074,0.451,3.101,6.496,0.473,0.559,1.577,0.358,1.639,1.938,0.843,0.382,1.258,1.64,1.094,0.398,0.189,1.085,1.438,9.52,5.494,-1.322,0.532,0.486,0.197,0.204,2.507,8.496,5.377,10.026,1.215,0.704,11.81,24.432,94.291,116.494,-4.974
2008-09,2009-02-10,WIZ,HAW,HAW,19.285,3.666,8.087,0.451,3.1,6.49,0.474,0.565,1.597,0.357,1.644,1.939,0.844,0.377,1.254,1.632,1.092,0.392,0.186,1.083,1.472,9.541,5.484,-1.262,0.533,0.487,0.199,0.205,2.472,8.421,5.329,9.979,1.198,0.694,11.774,24.344,94.454,116.626,-4.982
2008-09,2009-02-11,WIZ,BOB,BOB,19.439,3.657,8.113,0.449,3.086,6.47,0.474,0.571,1.643,0.352,1.622,1.913,0.845,0.386,1.264,1.65,1.091,0.386,0.183,1.069,1.466,9.507,5.447,-1.273,0.53,0.485,0.203,0.202,2.487,8.428,5.337,9.914,1.182,0.685,11.613,24.214,94.338,116.699,-5.047
2008-09,2009-02-17,WIZ,TIM,WIZ,19.376,3.608,8.072,0.445,3.045,6.424,0.471,0.564,1.647,0.347,1.614,1.915,0.84,0.38,1.261,1.641,1.077,0.382,0.181,1.069,1.46,9.394,5.322,-1.282,0.526,0.481,0.205,0.202,2.453,8.409,5.317,9.779,1.166,0.675,11.652,24.165,93.306,116.677,-5.318
2008-09,2009-02-20,WIZ,NNE,NNE,19.272,3.574,8.005,0.445,3.018,6.367,0.471,0.556,1.639,0.344,1.619,1.916,0.842,0.376,1.257,1.633,1.075,0.39,0.192,1.068,1.454,9.324,5.3,-1.265,0.526,0.481,0.205,0.204,2.42,8.403,5.305,9.807,1.21,0.764,11.77,24.083,93.436,116.428,-5.2
2008-09,2009-02-21,WIZ,SPU,WIZ,19.176,3.554,7.993,0.443,3.005,6.349,0.471,0.549,1.644,0.339,1.598,1.891,0.842,0.371,1.254,1.625,1.062,0.384,0.189,1.067,1.448,9.256,5.216,-1.417,0.524,0.478,0.206,0.201,2.388,8.454,5.3,9.678,1.194,0.754,11.779,24.19,92.878,116.475,-5.36
2008-09,2009-02-25,WIZ,76E,WIZ,19.238,3.547,8.019,0.441,2.993,6.345,0.469,0.555,1.674,0.337,1.603,1.892,0.845,0.379,1.302,1.681,1.061,0.392,0.187,1.066,1.455,9.253,5.218,-1.425,0.522,0.477,0.209,0.201,2.423,8.678,5.431,9.634,1.206,0.744,11.735,24.159,92.892,116.391,-5.37
2008-09,2009-02-27,WIZ,BUL,WIZ,19.327,3.565,8.069,0.441,3.005,6.391,0.468,0.56,1.678,0.339,1.596,1.881,0.845,0.374,1.311,1.685,1.048,0.388,0.184,1.065,1.5,9.287,5.192,-1.406,0.522,0.476,0.208,0.199,2.392,8.668,5.414,9.51,1.19,0.734,11.68,24.143,93.047,116.309,-5.445
2008-09,2009-02-28,WIZ,BUC,BUC,19.39,3.558,8.068,0.44,2.992,6.399,0.466,0.566,1.669,0.343,1.65,1.945,0.846,0.369,1.319,1.689,1.035,0.395,0.183,1.077,1.493,9.334,5.22,-1.439,0.522,0.476,0.207,0.206,2.362,8.706,5.419,9.389,1.203,0.725,11.726,24.162,93.173,116.381,-5.429
2008-09,2009-03-02,WIZ,HAW,WIZ,19.32,3.527,8.031,0.439,2.956,6.357,0.463,0.572,1.674,0.346,1.63,1.922,0.846,0.365,1.315,1.68,1.022,0.39,0.18,1.076,1.5,9.256,5.136,-1.544,0.522,0.475,0.208,0.204,2.332,8.725,5.41,9.272,1.188,0.716,11.788,24.122,92.684,116.413,-5.602
2008-09,2009-03-04,WIZ,THU,THU,19.313,3.521,8.091,0.435,2.956,6.438,0.458,0.564,1.653,0.345,1.634,1.935,0.843,0.372,1.311,1.684,1.01,0.386,0.178,1.087,1.518,9.241,5.044,-1.476,0.517,0.47,0.204,0.203,2.382,8.72,5.432,9.158,1.174,0.707,11.795,24.364,92.243,116.359,-5.832
2008-09,2009-03-06,WIZ,SPU,SPU,19.465,3.527,8.15,0.433,2.969,6.505,0.455,0.557,1.646,0.343,1.651,1.983,0.831,0.392,1.344,1.736,0.997,0.381,0.176,1.11,1.536,9.262,4.992,-1.567,0.514,0.467,0.202,0.203,2.439,8.836,5.511,9.046,1.159,0.698,11.847,24.411,91.923,116.318,-5.923
2008-09,2009-03-07,WIZ,MAV,MAV,19.436,3.509,8.089,0.434,2.946,6.451,0.455,0.563,1.638,0.347,1.632,1.959,0.831,0.388,1.34,1.727,0.998,0.376,0.186,1.097,1.541,9.212,4.987,-1.738,0.515,0.469,0.203,0.203,2.41,8.824,5.494,9.04,1.145,0.746,11.704,24.215,92.851,116.447,-5.832
2008-09,2009-03-09,WIZ,TIM,TIM,19.391,3.503,8.065,0.435,2.935,6.423,0.456,0.568,1.642,0.349,1.624,1.972,0.823,0.383,1.359,1.742,0.998,0.372,0.183,1.095,1.534,9.197,4.98,-1.589,0.516,0.47,0.204,0.203,2.381,8.948,5.553,9.047,1.132,0.737,11.708,24.222,92.961,116.406,-5.828
2008-09,2009-03-11,WIZ,NHO,WIZ,19.319,3.508,8.076,0.435,2.947,6.429,0.457,0.561,1.646,0.345,1.675,2.019,0.828,0.378,1.343,1.722,0.986,0.38,0.181,1.094,1.528,9.254,5.025,-1.686,0.516,0.469,0.204,0.208,2.353,8.843,5.488,8.941,1.167,0.728,11.663,24.478,93.196,116.448,-5.729
2008-09,2009-03-13,WIZ,MAG,WIZ,19.484,3.56,8.155,0.436,2.994,6.505,0.459,0.566,1.65,0.347,1.69,2.03,0.831,0.374,1.386,1.76,1.02,0.375,0.179,1.093,1.568,9.377,5.128,-1.689,0.519,0.472,0.203,0.208,2.326,8.936,5.526,9.077,1.153,0.719,11.594,24.481,93.531,116.559,-5.669
2008-09,2009-03-15,WIZ,KIN,WIZ,19.539,3.577,8.176,0.437,2.994,6.522,0.458,0.583,1.654,0.355,1.671,2.007,0.831,0.37,1.381,1.751,1.032,0.371,0.177,1.115,1.573,9.407,5.126,-1.602,0.519,0.473,0.203,0.206,2.299,8.884,5.491,9.14,1.14,0.711,11.727,24.486,93.49,116.633,-5.711
2008-09,2009-03-17,WIZ,JAZ,JAZ,19.644,3.581,8.197,0.437,3.005,6.539,0.458,0.576,1.658,0.351,1.72,2.063,0.832,0.366,1.377,1.742,1.031,0.4,0.175,1.102,1.578,9.458,5.196,-1.595,0.519,0.472,0.203,0.21,2.273,8.829,5.449,9.113,1.185,0.703,11.593,24.416,93.872,116.467,-5.588
2008-09,2009-03-18,WIZ,CLI,CLI,19.768,3.619,8.228,0.439,3.039,6.566,0.461,0.581,1.662,0.352,1.734,2.084,0.83,0.362,1.362,1.724,1.042,0.407,0.173,1.09,1.583,9.553,5.297,-1.921,0.523,0.475,0.203,0.211,2.247,8.729,5.388,9.111,1.191,0.695,11.463,24.351,94.502,116.709,-5.54
2008-09,2009-03-20,WIZ,NUG,NUG,19.941,3.656,8.28,0.441,3.06,6.593,0.463,0.596,1.688,0.356,1.758,2.116,0.829,0.358,1.38,1.737,1.042,0.413,0.171,1.122,1.588,9.667,5.361,-2.032,0.524,0.477,0.204,0.212,2.222,8.742,5.381,9.064,1.192,0.688,11.567,24.319,94.663,116.734,-5.505
2008-09,2009-03-21,WIZ,SUN,SUN,20.036,3.649,8.31,0.438,3.059,6.597,0.462,0.59,1.713,0.348,1.793,2.158,0.829,0.354,1.386,1.74,1.041,0.42,0.169,1.132,1.603,9.682,5.337,-2.183,0.523,0.475,0.207,0.216,2.198,8.734,5.36,9.021,1.197,0.68,11.581,24.299,94.535,116.924,-5.568
2008-09,2009-03-23,WIZ,BUL,WIZ,20.124,3.632,8.35,0.435,3.027,6.602,0.457,0.605,1.748,0.35,1.817,2.178,0.832,0.361,1.392,1.754,1.052,0.415,0.168,1.119,1.639,9.686,5.314,-2.278,0.52,0.472,0.209,0.217,2.211,8.723,5.36,9.036,1.185,0.672,11.455,24.275,94.54,116.925,-5.606
2008-09,2009-03-25,WIZ,BOB,WIZ,20.174,3.699,8.421,0.438,3.09,6.669,0.462,0.609,1.75,0.351,1.819,2.176,0.834,0.357,1.399,1.756,1.062,0.421,0.177,1.118,1.653,9.827,5.448,-2.253,0.523,0.476,0.208,0.216,2.187,8.742,5.358,9.152,1.194,0.702,11.395,24.335,95.029,116.754,-5.381
2008-09,2009-03-28,WIZ,PIS,WIZ,20.211,3.702,8.406,0.44,3.1,6.652,0.464,0.603,1.754,0.348,1.853,2.206,0.837,0.353,1.405,1.759,1.082,0.438,0.185,1.117,1.668,9.861,5.527,-2.198,0.526,0.476,0.208,0.22,2.164,8.752,5.353,9.295,1.229,0.729,11.378,24.293,95.464,116.618,-5.236
2008-09,2009-03-29,WIZ,PAC,PAC,20.318,3.705,8.412,0.44,3.109,6.666,0.465,0.597,1.746,0.345,1.844,2.204,0.835,0.36,1.402,1.761,1.081,0.465,0.194,1.137,1.682,9.852,5.522,-2.144,0.525,0.476,0.207,0.219,2.174,8.697,5.332,9.252,1.268,0.743,11.504,24.228,95.302,116.706,-5.254
2008-09,2009-04-01,WIZ,GRI,GRI,20.398,3.729,8.428,0.442,3.118,6.66,0.466,0.611,1.769,0.349,1.846,2.202,0.836,0.367,1.398,1.764,1.091,0.47,0.192,1.135,1.705,9.915,5.591,-2.009,0.527,0.478,0.21,0.219,2.199,8.652,5.322,9.276,1.275,0.735,11.471,24.169,95.85,116.803,-5.163
2008-09,2009-04-02,WIZ,CAV,WIZ,20.45,3.742,8.434,0.443,3.137,6.653,0.469,0.605,1.781,0.344,1.827,2.179,0.836,0.363,1.383,1.746,1.089,0.475,0.19,1.134,1.688,9.916,5.599,-1.958,0.527,0.479,0.211,0.216,2.176,8.562,5.267,9.241,1.283,0.728,11.456,24.111,95.883,116.805,-5.14
2008-09,2009-04-04,WIZ,HEA,WIZ,20.259,3.715,8.36,0.443,3.105,6.586,0.469,0.609,1.773,0.347,1.808,2.157,0.836,0.359,1.369,1.729,1.079,0.471,0.188,1.123,1.671,9.847,5.57,-1.939,0.528,0.48,0.212,0.216,2.154,8.475,5.214,9.146,1.27,0.72,11.339,24.21,97.966,116.97,-4.361
2008-09,2009-04-08,WIZ,CAV,CAV,20.4,3.747,8.436,0.443,3.124,6.63,0.47,0.622,1.805,0.349,1.791,2.136,0.836,0.356,1.375,1.731,1.088,0.466,0.196,1.111,1.695,9.908,5.602,-1.85,0.528,0.48,0.214,0.212,2.133,8.448,5.193,9.188,1.258,0.733,11.224,24.195,98.088,117.021,-4.319
2008-09,2009-04-10,WIZ,RAP,RAP,20.357,3.74,8.392,0.445,3.123,6.604,0.471,0.616,1.788,0.349,1.803,2.145,0.838,0.352,1.371,1.724,1.077,0.461,0.194,1.1,1.687,9.899,5.619,-1.791,0.53,0.482,0.213,0.215,2.111,8.43,5.177,9.096,1.244,0.726,11.112,24.102,98.857,116.941,-4.252
2008-09,2009-04-13,WIZ,RAP,WIZ,20.412,3.733,8.418,0.443,3.122,6.638,0.468,0.61,1.78,0.346,1.785,2.123,0.838,0.349,1.378,1.727,1.077,0.456,0.212,1.109,1.671,9.861,5.565,-1.745,0.527,0.48,0.211,0.212,2.09,8.411,5.162,9.064,1.232,0.765,11.155,24.073,98.443,116.833,-4.322
2008-09,2009-04-15,WIZ,CEL,CEL,20.468,3.735,8.433,0.442,3.101,6.612,0.467,0.634,1.821,0.351,1.826,2.161,0.843,0.355,1.365,1.719,1.066,0.462,0.21,1.107,1.655,9.93,5.631,-1.767,0.528,0.48,0.215,0.216,2.119,8.329,5.135,8.975,1.239,0.757,11.117,24.072,98.791,116.913,-4.262
2009-10,2009-10-27,WIZ,MAV,MAV,21.074,3.855,8.674,0.423,3.212,6.793,0.45,0.643,1.882,0.325,1.882,2.214,0.81,0.355,1.366,1.721,1.09,0.448,0.23,1.055,1.607,10.235,5.904,-1.607,0.505,0.458,0.207,0.207,1.913,7.645,4.694,8.488,0.999,0.801,9.086,22.45,97.364,112.416,-3.412
2009-10,2009-10-30,WIZ,HAW,HAW,20.495,3.68,8.522,0.404,3.066,6.666,0.43,0.614,1.857,0.31,1.796,2.114,0.773,0.369,1.304,1.673,1.041,0.427,0.219,1.007,1.564,9.77,5.475,-1.625,0.482,0.437,0.22,0.197,2.617,7.297,4.881,8.102,0.954,0.765,8.673,24.148,93.847,118.034,-5.966
2009-10,2009-10-31,WIZ,NNE,WIZ,20.03,3.585,8.344,0.406,2.966,6.529,0.424,0.62,1.816,0.34,1.718,2.022,0.739,0.357,1.247,1.604,0.996,0.409,0.21,0.996,1.532,9.508,5.247,-1.467,0.486,0.443,0.219,0.189,2.314,6.98,4.573,7.75,0.912,0.731,9.385,24.04,95.028,118.358,-6.05
2009-10,2009-11-03,WIZ,CAV,CAV,19.3,3.473,8.057,0.406,2.878,6.311,0.424,0.596,1.747,0.34,1.713,2.004,0.875,0.344,1.228,1.572,0.954,0.392,0.201,0.957,1.473,9.256,5.152,-1.273,0.492,0.442,0.216,0.205,2.158,10.022,6.169,7.427,0.874,0.701,8.878,25.728,102.749,117.364,-1.669
2009-10,2009-11-04,WIZ,HEA,WIZ,18.562,3.338,7.753,0.398,2.765,6.073,0.415,0.573,1.681,0.339,1.647,1.927,0.88,0.332,1.181,1.512,0.916,0.376,0.193,0.92,1.416,8.898,4.946,-1.216,0.484,0.435,0.216,0.202,2.187,10.422,6.417,7.13,0.839,0.673,8.745,26.158,102.852,117.23,-1.286
2009-10,2009-11-06,WIZ,PAC,PAC,18.368,3.246,7.599,0.393,2.661,5.915,0.399,0.585,1.685,0.355,1.586,1.854,0.885,0.32,1.202,1.522,0.881,0.362,0.218,0.885,1.462,8.662,4.778,-1.166,0.481,0.434,0.231,0.193,2.047,10.438,6.307,6.855,0.807,0.941,8.302,25.091,101.832,116.702,-1.7
2009-10,2009-11-08,WIZ,SUN,WIZ,17.715,3.128,7.33,0.386,2.563,5.705,0.39,0.565,1.626,0.356,1.529,1.787,0.889,0.309,1.159,1.468,0.848,0.348,0.211,0.853,1.412,8.35,4.602,-1.12,0.475,0.428,0.233,0.19,2.052,10.736,6.477,6.601,0.777,0.954,8.149,25.278,101.783,116.537,-1.468
2009-10,2009-11-10,WIZ,HEA,HEA,17.183,3.018,7.109,0.377,2.473,5.508,0.382,0.546,1.602,0.339,1.475,1.724,0.893,0.298,1.119,1.418,0.818,0.336,0.204,0.823,1.396,8.057,4.402,-1.142,0.465,0.419,0.245,0.185,1.932,9.956,6.012,6.366,0.749,0.892,7.769,24.781,95.994,116.198,-3.062
2009-10,2009-11-14,WIZ,PIS,WIZ,16.607,2.916,6.871,0.372,2.388,5.323,0.374,0.528,1.549,0.339,1.425,1.666,0.897,0.288,1.082,1.37,0.79,0.324,0.197,0.795,1.35,7.784,4.25,-1.101,0.459,0.413,0.248,0.182,1.926,10.123,6.106,6.146,0.723,0.897,7.616,24.885,95.457,116.039,-3.017
2009-10,2009-11-18,WIZ,CAV,WIZ,16.067,2.82,6.648,0.366,2.309,5.149,0.367,0.511,1.499,0.338,1.378,1.611,0.9,0.279,1.047,1.326,0.763,0.313,0.191,0.769,1.306,7.528,4.108,-1.064,0.454,0.408,0.25,0.18,1.919,10.278,6.193,5.941,0.699,0.901,7.473,24.982,94.955,115.891,-2.975
2009-10,2009-11-20,WIZ,THU,THU,15.588,2.73,6.468,0.357,2.235,4.986,0.36,0.495,1.482,0.321,1.334,1.559,0.903,0.27,1.014,1.284,0.739,0.303,0.185,0.744,1.266,7.288,3.955,-1.088,0.444,0.399,0.264,0.175,1.811,9.549,5.759,5.75,0.677,0.844,7.142,25.818,89.73,117.255,-5.499
2009-10,2009-11-24,WIZ,76E,WIZ,16.042,2.876,6.731,0.402,2.339,5.179,0.416,0.537,1.552,0.35,1.35,1.569,0.906,0.291,1.07,1.36,0.773,0.294,0.18,0.75,1.343,7.64,4.189,-0.737,0.49,0.446,0.25,0.177,1.898,9.485,5.764,6.063,0.656,0.799,7.157,25.582,92.502,117.702,-5.191
2009-10,2009-11-27,WIZ,HEA,HEA,16.619,3.072,7.18,0.416,2.551,5.589,0.444,0.522,1.592,0.319,1.367,1.634,0.811,0.339,1.094,1.433,0.891,0.285,0.174,0.812,1.388,8.033,4.356,-0.628,0.491,0.452,0.225,0.172,2.109,9.272,5.755,6.942,0.636,0.761,7.412,25.937,93.08,117.087,-5.052
2009-10,2009-11-28,WIZ,BOB,WIZ,16.774,3.095,7.279,0.414,2.533,5.623,0.437,0.562,1.656,0.338,1.327,1.587,0.809,0.329,1.091,1.42,0.866,0.304,0.169,0.816,1.459,8.079,4.302,-0.8,0.491,0.453,0.233,0.163,2.01,9.05,5.594,6.674,0.727,0.728,7.506,25.885,92.849,116.604,-4.949
2009-10,2009-12-01,WIZ,RAP,RAP,17.116,3.09,7.321,0.411,2.544,5.71,0.432,0.546,1.611,0.338,1.29,1.543,0.807,0.347,1.114,1.461,0.895,0.322,0.164,0.794,1.446,8.016,4.295,-0.643,0.485,0.448,0.222,0.157,2.065,8.945,5.559,6.824,0.775,0.699,7.226,25.299,92.79,116.393,-4.957
2009-10,2009-12-02,WIZ,BUC,WIZ,17.547,3.19,7.439,0.423,2.658,5.845,0.448,0.532,1.595,0.33,1.438,1.684,0.858,0.338,1.215,1.553,0.897,0.339,0.16,0.903,1.46,8.35,4.513,-0.623,0.502,0.458,0.213,0.184,1.981,9.203,5.688,6.785,0.805,0.673,7.979,25.371,93.321,115.92,-4.823
2009-10,2009-12-04,WIZ,RAP,WIZ,17.726,3.235,7.527,0.425,2.691,5.898,0.451,0.544,1.63,0.33,1.451,1.69,0.865,0.329,1.286,1.615,0.874,0.356,0.156,0.88,1.448,8.464,4.627,-0.682,0.505,0.46,0.217,0.185,1.905,9.527,5.781,6.555,0.862,0.65,7.695,25.186,94.582,115.761,-4.609
2009-10,2009-12-06,WIZ,PIS,PIS,17.72,3.178,7.411,0.423,2.648,5.823,0.449,0.53,1.589,0.33,1.414,1.648,0.865,0.321,1.278,1.599,0.852,0.347,0.152,0.883,1.462,8.299,4.479,-0.564,0.502,0.458,0.214,0.182,1.837,9.384,5.68,6.345,0.833,0.628,8.348,24.624,93.195,115.76,-4.874
2009-10,2009-12-10,WIZ,CEL,WIZ,17.574,3.123,7.35,0.418,2.607,5.777,0.444,0.517,1.574,0.323,1.427,1.655,0.872,0.313,1.271,1.584,0.855,0.363,0.148,0.861,1.474,8.191,4.419,-0.548,0.498,0.453,0.213,0.187,1.775,9.433,5.663,6.529,0.952,0.609,8.069,24.519,92.967,115.444,-4.851
2009-10,2009-12-12,WIZ,PAC,WIZ,17.482,3.119,7.244,0.426,2.568,5.662,0.446,0.552,1.583,0.35,1.44,1.662,0.878,0.306,1.288,1.594,0.834,0.401,0.145,0.839,1.438,8.231,4.59,-0.201,0.511,0.464,0.219,0.192,1.718,9.594,5.738,6.333,1.161,0.59,7.813,24.1,98.649,115.218,-3.928
2009-10,2009-12-14,WIZ,CLI,CLI,17.521,3.092,7.237,0.421,2.553,5.622,0.448,0.539,1.616,0.331,1.406,1.623,0.878,0.322,1.258,1.58,0.838,0.392,0.141,0.843,1.475,8.129,4.461,-0.404,0.504,0.459,0.225,0.187,1.831,9.274,5.631,6.431,1.123,0.574,7.977,23.875,97.663,115.137,-4.242
2009-10,2009-12-16,WIZ,KIN,KIN,17.399,3.066,7.23,0.418,2.517,5.56,0.446,0.549,1.67,0.326,1.374,1.585,0.879,0.314,1.252,1.567,0.819,0.383,0.183,0.824,1.486,8.056,4.398,-0.484,0.5,0.456,0.235,0.182,1.776,9.267,5.582,6.249,1.088,0.939,7.741,23.852,97.334,115.121,-4.208
2009-10,2009-12-18,WIZ,WAR,WAR,17.527,3.019,7.156,0.415,2.482,5.48,0.446,0.537,1.677,0.316,1.454,1.683,0.871,0.307,1.269,1.576,0.8,0.397,0.179,0.85,1.543,8.03,4.348,-0.205,0.501,0.452,0.24,0.199,1.725,9.243,5.555,6.08,1.112,0.911,8.208,23.572,97.086,114.838,-4.338
2009-10,2009-12-19,WIZ,SUN,SUN,17.75,3.084,7.195,0.424,2.515,5.49,0.453,0.569,1.705,0.332,1.553,1.777,0.882,0.3,1.35,1.65,0.804,0.388,0.197,0.831,1.596,8.289,4.631,-0.527,0.516,0.464,0.243,0.215,1.677,9.574,5.654,6.147,1.08,0.953,7.979,23.404,99.493,115.06,-3.914
2009-10,2009-12-22,WIZ,76E,WIZ,17.795,3.124,7.253,0.427,2.525,5.478,0.457,0.599,1.775,0.337,1.54,1.781,0.87,0.294,1.342,1.636,0.787,0.401,0.193,0.813,1.604,8.388,4.704,-0.6,0.519,0.469,0.252,0.211,1.632,9.493,5.577,5.989,1.122,0.927,7.765,23.457,100.103,114.822,-3.745
2009-10,2009-12-23,WIZ,BUC,BUC,17.854,3.079,7.121,0.429,2.471,5.362,0.457,0.608,1.76,0.346,1.529,1.785,0.858,0.288,1.356,1.644,0.77,0.393,0.188,0.796,1.634,8.294,4.661,-0.545,0.523,0.473,0.255,0.214,1.59,9.471,5.58,5.839,1.091,0.901,7.563,22.942,102.666,114.598,-3.666
2009-10,2009-12-26,WIZ,TIM,TIM,17.641,3.015,7.015,0.426,2.42,5.292,0.452,0.595,1.723,0.346,1.497,1.748,0.859,0.282,1.349,1.631,0.754,0.384,0.185,0.8,1.62,8.123,4.513,-0.492,0.519,0.47,0.254,0.212,1.549,9.508,5.597,5.698,1.063,0.878,8.243,22.808,99.984,114.412,-4.147
2009-10,2009-12-28,WIZ,GRI,GRI,17.648,2.994,6.973,0.425,2.391,5.245,0.45,0.603,1.729,0.35,1.507,1.773,0.85,0.276,1.342,1.618,0.738,0.397,0.181,0.804,1.608,8.099,4.498,-0.482,0.52,0.47,0.257,0.216,1.512,9.442,5.531,5.565,1.109,0.855,8.386,22.68,99.991,114.44,-4.108
2009-10,2009-12-29,WIZ,THU,WIZ,17.41,2.935,6.854,0.423,2.343,5.16,0.448,0.591,1.694,0.35,1.477,1.738,0.85,0.271,1.315,1.586,0.724,0.389,0.177,0.788,1.675,7.938,4.355,-0.649,0.518,0.468,0.256,0.215,1.476,9.205,5.392,5.438,1.082,0.834,8.182,22.312,97.533,114.686,-4.787
2009-10,2010-01-02,WIZ,SPU,WIZ,17.071,2.877,6.721,0.423,2.298,5.059,0.447,0.58,1.662,0.35,1.449,1.704,0.85,0.266,1.29,1.555,0.709,0.382,0.174,0.772,1.643,7.782,4.27,-0.636,0.518,0.468,0.257,0.215,1.468,9.221,5.399,5.39,1.082,0.834,8.164,22.294,97.468,114.64,-4.803
2009-10,2010-01-05,WIZ,76E,76E,17.327,2.993,6.858,0.434,2.386,5.191,0.455,0.606,1.668,0.367,1.44,1.69,0.852,0.261,1.322,1.583,0.715,0.393,0.17,0.757,1.611,8.032,4.518,-0.339,0.528,0.48,0.25,0.208,1.435,9.294,5.42,5.411,1.097,0.814,7.969,22.291,98.517,114.465,-4.483
2009-10,2010-01-06,WIZ,CAV,CAV,17.685,3.03,7.065,0.426,2.398,5.317,0.445,0.633,1.748,0.363,1.45,1.696,0.856,0.292,1.316,1.609,0.757,0.405,0.167,0.743,1.656,8.143,4.557,-0.686,0.519,0.472,0.254,0.203,1.549,9.175,5.42,5.598,1.104,0.794,7.785,22.337,98.326,114.937,-4.536
2009-10,2010-01-08,WIZ,MAG,WIZ,17.614,2.975,6.99,0.421,2.353,5.274,0.439,0.621,1.716,0.363,1.423,1.665,0.856,0.287,1.292,1.579,0.743,0.397,0.164,0.729,1.625,7.993,4.434,-0.93,0.514,0.467,0.252,0.201,1.515,8.96,5.294,5.478,1.078,0.776,7.61,22.043,96.068,114.878,-4.744
2009-10,2010-01-10,WIZ,NHO,WIZ,17.957,3.046,7.043,0.43,2.401,5.305,0.447,0.646,1.739,0.374,1.469,1.761,0.831,0.318,1.341,1.658,0.748,0.408,0.161,0.752,1.668,8.208,4.629,-0.877,0.524,0.477,0.254,0.207,1.677,9.058,5.43,5.446,1.086,0.759,7.743,21.98,96.982,115.09,-4.61
2009-10,2010-01-12,WIZ,PIS,WIZ,18.146,3.027,7.077,0.424,2.358,5.298,0.438,0.67,1.779,0.379,1.478,1.764,0.835,0.313,1.335,1.647,0.805,0.401,0.158,0.81,1.709,8.203,4.547,-0.932,0.52,0.473,0.258,0.207,1.641,8.947,5.356,5.812,1.062,0.742,8.209,22.03,96.467,115.292,-4.807
2009-10,2010-01-13,WIZ,HAW,HAW,18.198,2.992,7.058,0.42,2.334,5.31,0.432,0.658,1.748,0.379,1.453,1.734,0.835,0.307,1.311,1.619,0.809,0.393,0.156,0.813,1.715,8.095,4.417,-1.002,0.515,0.468,0.254,0.204,1.607,8.753,5.24,5.876,1.039,0.727,8.342,21.891,95.269,115.378,-5.036
2009-10,2010-01-15,WIZ,BUL,BUL,18.084,2.975,7.005,0.421,2.311,5.253,0.432,0.664,1.753,0.381,1.428,1.704,0.835,0.302,1.306,1.608,0.812,0.387,0.153,0.799,1.753,8.041,4.382,-1.019,0.516,0.47,0.257,0.201,1.574,8.77,5.228,6.048,1.017,0.712,8.17,21.781,96.156,115.459,-5.007
2009-10,2010-01-16,WIZ,KIN,WIZ,18.163,3.009,7.055,0.423,2.339,5.316,0.433,0.67,1.739,0.388,1.42,1.709,0.827,0.296,1.317,1.614,0.798,0.397,0.151,0.819,1.775,8.107,4.392,-0.968,0.517,0.472,0.252,0.199,1.543,8.799,5.229,5.929,1.046,0.698,8.322,21.891,96.081,115.126,-5.001
2009-10,2010-01-18,WIZ,BLA,WIZ,17.901,2.959,6.954,0.422,2.3,5.244,0.431,0.658,1.711,0.389,1.397,1.681,0.827,0.292,1.296,1.588,0.785,0.391,0.148,0.805,1.745,7.973,4.308,-1.117,0.515,0.471,0.251,0.198,1.513,8.622,5.124,5.815,1.025,0.684,8.157,21.894,94.166,115.188,-5.427
2009-10,2010-01-20,WIZ,MAV,WIZ,17.629,2.91,6.841,0.421,2.262,5.158,0.43,0.648,1.683,0.389,1.374,1.653,0.827,0.287,1.275,1.562,0.772,0.384,0.146,0.809,1.717,7.842,4.221,-1.148,0.515,0.471,0.252,0.198,1.484,8.452,5.024,5.706,1.004,0.67,9.961,22.222,92.332,115.248,-6.324
2009-10,2010-01-22,WIZ,HEA,WIZ,17.613,2.944,6.891,0.424,2.258,5.155,0.43,0.685,1.736,0.398,1.352,1.627,0.826,0.282,1.255,1.537,0.759,0.394,0.143,0.812,1.721,7.925,4.268,-1.209,0.519,0.476,0.259,0.192,1.456,8.289,4.927,5.601,1.05,0.658,9.943,22.402,92.724,115.535,-6.074
2009-10,2010-01-24,WIZ,CLI,WIZ,17.406,2.897,6.829,0.42,2.222,5.105,0.426,0.674,1.725,0.395,1.33,1.632,0.807,0.278,1.235,1.512,0.763,0.404,0.141,0.798,1.71,7.799,4.176,-1.206,0.514,0.472,0.259,0.191,1.429,8.133,4.834,6.121,1.255,0.646,9.755,22.705,91.274,115.039,-6.278
2009-10,2010-01-29,WIZ,NNE,NNE,17.378,2.914,6.862,0.421,2.235,5.119,0.429,0.68,1.744,0.393,1.326,1.638,0.799,0.289,1.216,1.505,0.751,0.398,0.139,0.786,1.714,7.833,4.185,-1.078,0.514,0.473,0.261,0.189,1.546,7.983,4.825,6.011,1.231,0.634,9.575,22.833,91.799,114.802,-6.125
2009-10,2010-01-30,WIZ,KNI,WIZ,17.395,2.915,6.925,0.416,2.215,5.178,0.419,0.7,1.748,0.404,1.335,1.643,0.804,0.284,1.227,1.512,0.755,0.407,0.136,0.774,1.719,7.866,4.197,-1.215,0.511,0.469,0.258,0.189,1.518,8.041,4.831,6.034,1.261,0.623,9.402,22.899,92.267,114.592,-6.033
2009-10,2010-02-01,WIZ,CEL,WIZ,17.342,2.916,6.896,0.419,2.227,5.174,0.422,0.69,1.722,0.404,1.376,1.694,0.805,0.28,1.209,1.489,0.759,0.401,0.134,0.763,1.753,7.897,4.229,-1.211,0.514,0.471,0.255,0.197,1.492,7.898,4.746,6.278,1.239,0.612,9.235,22.931,93.249,114.638,-5.845
2009-10,2010-02-03,WIZ,KNI,KNI,17.501,2.947,7.001,0.418,2.238,5.186,0.424,0.708,1.815,0.393,1.4,1.713,0.811,0.276,1.205,1.482,0.762,0.395,0.147,0.78,1.727,8.002,4.269,-1.341,0.513,0.47,0.266,0.197,1.466,7.834,4.701,6.276,1.217,0.643,9.275,23.082,93.184,114.91,-5.829
2009-10,2010-02-05,WIZ,MAG,MAG,17.322,2.904,6.913,0.416,2.205,5.125,0.422,0.698,1.788,0.393,1.379,1.688,0.811,0.272,1.188,1.46,0.751,0.389,0.145,0.769,1.716,7.885,4.19,-1.278,0.512,0.468,0.265,0.197,1.441,7.7,4.621,6.171,1.196,0.633,9.117,22.831,91.598,114.692,-5.942
2009-10,2010-02-09,WIZ,BOB,BOB,17.161,2.876,6.842,0.416,2.188,5.08,0.422,0.688,1.762,0.393,1.359,1.664,0.81,0.283,1.171,1.453,0.74,0.383,0.143,0.773,1.692,7.799,4.14,-1.288,0.512,0.469,0.264,0.196,1.707,7.571,4.705,6.07,1.176,0.622,9.524,22.842,91.362,114.717,-6.013
2009-10,2010-02-17,WIZ,TIM,WIZ,17.134,2.849,6.844,0.412,2.157,5.064,0.416,0.693,1.78,0.391,1.34,1.64,0.81,0.279,1.168,1.447,0.744,0.392,0.141,0.761,1.668,7.731,4.088,-1.171,0.508,0.465,0.267,0.192,1.679,7.567,4.685,6.106,1.211,0.612,9.366,22.78,90.969,114.608,-6.091
2009-10,2010-02-19,WIZ,NUG,WIZ,17.209,2.879,6.874,0.415,2.168,5.077,0.418,0.711,1.797,0.397,1.321,1.616,0.81,0.274,1.18,1.455,0.747,0.386,0.139,0.751,1.701,7.791,4.134,-0.902,0.511,0.469,0.268,0.188,1.652,7.61,4.689,6.128,1.191,0.602,9.214,22.701,91.774,114.601,-5.982
2009-10,2010-02-20,WIZ,RAP,RAP,17.022,2.853,6.848,0.412,2.152,5.076,0.415,0.702,1.772,0.398,1.302,1.594,0.81,0.285,1.164,1.449,0.737,0.381,0.137,0.74,1.705,7.71,4.06,-0.972,0.508,0.466,0.265,0.186,2.138,7.489,4.9,6.032,1.172,0.593,9.067,23.265,91.37,114.914,-6.563
2009-10,2010-02-22,WIZ,BUL,WIZ,16.895,2.827,6.782,0.413,2.136,5.034,0.415,0.692,1.748,0.398,1.285,1.572,0.81,0.281,1.148,1.429,0.741,0.376,0.135,0.758,1.681,7.632,4.001,-1.028,0.508,0.466,0.264,0.185,2.104,7.372,4.824,6.219,1.153,0.584,9.71,23.274,90.854,114.902,-6.677
2009-10,2010-02-24,WIZ,GRI,WIZ,16.865,2.83,6.744,0.416,2.147,5.02,0.419,0.682,1.725,0.398,1.281,1.592,0.796,0.277,1.133,1.409,0.744,0.384,0.134,0.747,1.672,7.623,4.026,-0.96,0.509,0.469,0.261,0.186,2.072,7.258,4.749,6.31,1.193,0.575,9.56,23.185,91.466,114.89,-6.516
2009-10,2010-02-26,WIZ,KNI,WIZ,16.878,2.819,6.747,0.413,2.119,4.993,0.415,0.7,1.755,0.402,1.277,1.597,0.789,0.273,1.13,1.404,0.747,0.379,0.132,0.75,1.677,7.615,3.994,-1.132,0.508,0.468,0.267,0.185,2.04,7.25,4.728,6.325,1.175,0.567,9.587,23.173,91.36,114.878,-6.573
2009-10,2010-02-28,WIZ,NNE,NNE,16.736,2.782,6.685,0.412,2.091,4.954,0.413,0.69,1.732,0.402,1.26,1.576,0.789,0.27,1.116,1.385,0.737,0.374,0.13,0.754,1.655,7.514,3.911,-1.196,0.506,0.466,0.265,0.184,2.01,7.142,4.658,6.232,1.157,0.558,9.942,23.17,89.999,114.777,-6.91
2009-10,2010-03-03,WIZ,BUC,BUC,16.707,2.759,6.701,0.406,2.077,4.98,0.407,0.682,1.723,0.398,1.296,1.607,0.798,0.266,1.127,1.394,0.728,0.369,0.128,0.744,1.633,7.495,3.878,-1.232,0.502,0.46,0.263,0.19,1.98,7.316,4.718,6.141,1.14,0.55,9.795,23.278,89.815,114.738,-6.978
2009-10,2010-03-05,WIZ,BUC,WIZ,16.64,2.736,6.68,0.405,2.063,4.954,0.406,0.673,1.726,0.393,1.279,1.587,0.797,0.263,1.125,1.388,0.719,0.365,0.126,0.734,1.638,7.425,3.808,-1.255,0.499,0.457,0.264,0.188,1.951,7.353,4.714,6.054,1.123,0.542,9.653,23.235,89.215,114.875,-7.12
2009-10,2010-03-07,WIZ,CEL,CEL,16.464,2.701,6.608,0.403,2.037,4.892,0.406,0.665,1.716,0.389,1.263,1.567,0.797,0.259,1.111,1.371,0.709,0.36,0.125,0.725,1.617,7.331,3.751,-1.29,0.498,0.456,0.266,0.187,1.923,7.248,4.647,5.969,1.107,0.535,9.515,23.16,87.945,114.764,-7.301
2009-10,2010-03-09,WIZ,ROC,WIZ,16.542,2.743,6.688,0.405,2.062,4.943,0.407,0.681,1.745,0.393,1.297,1.597,0.805,0.268,1.097,1.366,0.701,0.356,0.123,0.729,1.622,7.463,3.831,-1.236,0.501,0.458,0.267,0.191,1.971,7.146,4.615,5.886,1.092,0.527,9.469,23.268,88.376,114.755,-7.147
2009-10,2010-03-11,WIZ,HAW,WIZ,16.69,2.77,6.74,0.406,2.085,4.968,0.411,0.686,1.773,0.388,1.355,1.651,0.816,0.266,1.084,1.35,0.704,0.375,0.134,0.72,1.627,7.581,3.955,-1.16,0.504,0.459,0.269,0.199,1.944,7.047,4.552,5.882,1.129,0.558,9.337,23.238,89.378,114.787,-6.924
2009-10,2010-03-12,WIZ,PIS,PIS,16.684,2.749,6.706,0.405,2.072,4.956,0.409,0.677,1.751,0.388,1.338,1.631,0.816,0.262,1.083,1.345,0.695,0.371,0.133,0.735,1.643,7.512,3.867,-1.231,0.502,0.458,0.267,0.197,1.917,7.055,4.542,5.803,1.114,0.55,9.666,23.16,88.611,114.805,-7.124
2009-10,2010-03-13,WIZ,MAG,WIZ,16.593,2.739,6.662,0.407,2.071,4.932,0.411,0.669,1.73,0.389,1.322,1.611,0.816,0.259,1.07,1.329,0.7,0.366,0.131,0.726,1.636,7.47,3.856,-1.227,0.504,0.458,0.265,0.196,1.892,6.96,4.481,5.965,1.098,0.542,9.535,23.061,89.297,115.025,-7.022
2009-10,2010-03-15,WIZ,JAZ,JAZ,16.539,2.73,6.642,0.407,2.07,4.909,0.413,0.661,1.733,0.383,1.33,1.616,0.819,0.256,1.069,1.325,0.702,0.362,0.129,0.729,1.652,7.452,3.835,-1.273,0.503,0.458,0.267,0.198,1.866,7.011,4.48,6.117,1.084,0.536,9.601,23.083,89.459,115.106,-7.037
2009-10,2010-03-16,WIZ,NUG,NUG,16.533,2.734,6.635,0.407,2.081,4.91,0.416,0.653,1.725,0.381,1.338,1.62,0.822,0.253,1.056,1.309,0.706,0.358,0.127,0.732,1.656,7.459,3.836,-1.222,0.504,0.458,0.266,0.199,1.842,6.92,4.421,6.194,1.07,0.529,9.642,23.079,89.747,115.119,-6.979
2009-10,2010-03-19,WIZ,BLA,BLA,16.428,2.702,6.581,0.406,2.057,4.865,0.414,0.645,1.716,0.378,1.322,1.602,0.822,0.25,1.044,1.294,0.698,0.354,0.126,0.724,1.648,7.372,3.77,-1.254,0.502,0.457,0.267,0.199,1.818,6.831,4.364,6.115,1.056,0.522,9.517,22.951,88.588,114.963,-7.11
2009-10,2010-03-21,WIZ,LAK,LAK,16.487,2.751,6.631,0.411,2.09,4.877,0.422,0.661,1.754,0.378,1.376,1.675,0.818,0.247,1.043,1.291,0.69,0.361,0.125,0.727,1.641,7.539,3.912,-1.16,0.509,0.463,0.271,0.206,1.795,6.836,4.35,6.038,1.077,0.516,9.477,23.119,89.238,115.041,-6.865
2009-10,2010-03-23,WIZ,BOB,WIZ,16.555,2.754,6.624,0.412,2.089,4.856,0.423,0.665,1.768,0.377,1.383,1.678,0.821,0.244,1.054,1.299,0.682,0.358,0.135,0.731,1.645,7.556,3.93,-1.158,0.511,0.464,0.273,0.208,1.773,6.86,4.354,5.962,1.063,0.545,9.518,23.043,89.554,114.903,-6.741
2009-10,2010-03-24,WIZ,PAC,PAC,16.641,2.79,6.673,0.415,2.133,4.914,0.428,0.657,1.76,0.375,1.367,1.682,0.808,0.242,1.054,1.295,0.686,0.364,0.133,0.722,1.672,7.605,3.957,-1.123,0.511,0.466,0.27,0.204,1.75,6.825,4.322,5.996,1.076,0.539,9.399,23.014,89.789,114.768,-6.641
2009-10,2010-03-26,WIZ,BOB,BOB,16.653,2.804,6.676,0.417,2.131,4.914,0.428,0.672,1.762,0.383,1.352,1.663,0.808,0.239,1.053,1.292,0.678,0.372,0.132,0.737,1.697,7.632,3.962,-0.999,0.513,0.469,0.27,0.201,1.729,6.848,4.324,5.923,1.099,0.532,9.557,23.041,89.82,114.796,-6.607
2009-10,2010-03-27,WIZ,JAZ,WIZ,16.759,2.839,6.745,0.418,2.141,4.926,0.429,0.698,1.82,0.385,1.348,1.656,0.81,0.236,1.053,1.289,0.671,0.378,0.131,0.75,1.733,7.723,3.99,-1.131,0.515,0.472,0.275,0.198,1.708,6.85,4.3,5.852,1.11,0.526,9.599,23.08,89.923,114.763,-6.539
2009-10,2010-03-30,WIZ,ROC,ROC,16.822,2.829,6.737,0.417,2.139,4.916,0.429,0.69,1.822,0.38,1.334,1.638,0.809,0.244,1.063,1.308,0.685,0.374,0.129,0.764,1.758,7.682,3.943,-1.184,0.514,0.47,0.276,0.196,1.743,6.896,4.338,5.939,1.097,0.52,9.783,22.988,89.688,114.767,-6.614
2009-10,2010-03-31,WIZ,NHO,NHO,17.032,2.831,6.762,0.416,2.138,4.949,0.426,0.694,1.812,0.383,1.341,1.642,0.812,0.242,1.073,1.315,0.678,0.37,0.128,0.766,1.761,7.696,3.93,-1.031,0.512,0.468,0.273,0.197,1.722,6.903,4.335,5.869,1.084,0.514,9.776,22.902,89.623,114.747,-6.63
2009-10,2010-04-02,WIZ,BUL,WIZ,17.224,2.822,6.828,0.41,2.115,4.97,0.419,0.707,1.857,0.382,1.369,1.666,0.818,0.24,1.061,1.301,0.681,0.377,0.126,0.758,1.773,7.721,3.912,-1.042,0.509,0.464,0.277,0.199,1.702,6.823,4.284,5.856,1.089,0.507,9.662,22.856,89.55,114.728,-6.641
2009-10,2010-04-04,WIZ,NNE,WIZ,17.41,2.866,6.882,0.414,2.156,5.034,0.423,0.71,1.848,0.385,1.365,1.66,0.819,0.237,1.051,1.287,0.684,0.373,0.136,0.75,1.755,7.807,3.995,-0.916,0.511,0.467,0.274,0.197,1.682,6.744,4.235,5.847,1.077,0.528,9.55,22.777,90.067,114.697,-6.571
2009-10,2010-04-06,WIZ,WAR,WIZ,17.684,2.94,6.997,0.418,2.185,5.054,0.427,0.755,1.943,0.388,1.393,1.704,0.813,0.255,1.061,1.315,0.688,0.389,0.134,0.753,1.747,8.028,4.191,-0.77,0.517,0.473,0.283,0.197,1.726,6.725,4.247,5.818,1.092,0.521,9.493,22.766,90.767,114.621,-6.396
2009-10,2010-04-07,WIZ,MAG,MAG,17.862,3.002,7.079,0.423,2.245,5.125,0.434,0.757,1.954,0.388,1.399,1.718,0.81,0.263,1.07,1.333,0.701,0.386,0.133,0.745,1.78,8.161,4.296,-0.855,0.52,0.477,0.281,0.196,1.751,6.749,4.27,5.87,1.081,0.516,9.386,22.766,91.248,114.897,-6.302
2009-10,2010-04-09,WIZ,CEL,CEL,18.089,3.022,7.16,0.42,2.243,5.155,0.431,0.781,2.005,0.389,1.446,1.782,0.808,0.26,1.089,1.35,0.704,0.382,0.131,0.758,1.793,8.271,4.334,-0.827,0.52,0.476,0.285,0.201,1.731,6.75,4.266,5.848,1.068,0.51,9.39,22.764,91.359,114.81,-6.289
2009-10,2010-04-10,WIZ,HAW,WIZ,18.31,3.093,7.279,0.423,2.291,5.243,0.433,0.802,2.036,0.394,1.431,1.764,0.808,0.277,1.099,1.376,0.697,0.378,0.13,0.771,1.795,8.42,4.421,-0.828,0.522,0.48,0.284,0.196,1.786,6.753,4.295,5.784,1.056,0.504,9.391,22.787,91.623,114.957,-6.24
2009-10,2010-04-12,WIZ,KNI,KNI,18.473,3.122,7.346,0.423,2.308,5.281,0.433,0.815,2.065,0.394,1.437,1.766,0.81,0.275,1.097,1.372,0.71,0.374,0.128,0.773,1.787,8.495,4.465,-0.829,0.522,0.48,0.286,0.194,1.766,6.72,4.267,5.814,1.045,0.499,9.357,22.766,91.87,115.165,-6.244
2009-10,2010-04-14,WIZ,PAC,WIZ,18.463,3.111,7.333,0.423,2.295,5.259,0.433,0.817,2.074,0.393,1.422,1.749,0.81,0.272,1.096,1.369,0.703,0.371,0.127,0.774,1.789,8.461,4.422,-0.841,0.521,0.479,0.287,0.192,1.747,6.706,4.254,5.752,1.034,0.494,9.41,22.711,91.668,115.088,-6.291
2010-11,2010-10-28,WIZ,MAG,MAG,17.203,2.764,6.68,0.408,1.952,4.633,0.419,0.811,2.047,0.387,1.294,1.6,0.81,0.235,1.011,1.247,0.589,0.33,0.094,0.658,1.729,7.632,3.865,-0.695,0.513,0.466,0.31,0.206,1.602,6.744,4.176,5.14,0.981,0.388,8.931,22.096,88.883,114.572,-6.922
2010-11,2010-10-30,WIZ,HAW,HAW,16.897,2.646,6.475,0.393,1.871,4.476,0.407,0.775,1.999,0.369,1.258,1.55,0.818,0.225,0.981,1.205,0.569,0.315,0.12,0.628,1.68,7.323,3.68,-0.755,0.499,0.448,0.316,0.208,1.529,6.437,3.986,4.906,0.936,0.702,8.525,21.496,84.843,114.592,-7.148
2010-11,2010-11-02,WIZ,76E,WIZ,17.034,2.763,6.577,0.421,1.924,4.491,0.433,0.839,2.086,0.402,1.312,1.591,0.826,0.215,1.01,1.225,0.548,0.333,0.119,0.633,1.676,7.675,4.013,-0.287,0.53,0.485,0.323,0.205,1.463,6.74,4.091,4.693,0.991,0.671,8.481,21.679,87.328,114.436,-6.411
2010-11,2010-11-05,WIZ,KNI,KNI,16.936,2.698,6.441,0.42,1.888,4.392,0.436,0.81,2.049,0.394,1.303,1.571,0.833,0.206,1.01,1.216,0.528,0.322,0.116,0.609,1.612,7.508,3.935,-0.858,0.529,0.482,0.326,0.21,1.402,6.784,4.092,4.498,0.95,0.643,8.127,21.205,87.814,114.709,-6.373
2010-11,2010-11-06,WIZ,CAV,WIZ,16.549,2.635,6.311,0.418,1.82,4.265,0.431,0.815,2.046,0.398,1.261,1.517,0.84,0.198,0.976,1.174,0.508,0.31,0.113,0.586,1.552,7.345,3.846,-1.237,0.53,0.483,0.336,0.207,1.346,6.513,3.928,4.318,0.912,0.618,7.802,21.233,88.342,114.841,-6.302
2010-11,2010-11-10,WIZ,ROC,WIZ,16.243,2.576,6.222,0.412,1.755,4.146,0.424,0.82,2.076,0.395,1.218,1.465,0.846,0.19,0.976,1.166,0.489,0.299,0.109,0.565,1.528,7.189,3.732,-1.078,0.525,0.48,0.35,0.201,1.294,6.778,4.023,4.152,0.877,0.594,7.502,21.228,88.252,114.385,-6.387
2010-11,2010-11-12,WIZ,BOB,WIZ,16.114,2.617,6.237,0.421,1.792,4.131,0.443,0.826,2.106,0.392,1.178,1.416,0.852,0.183,0.944,1.127,0.472,0.289,0.106,0.544,1.571,7.237,3.754,-0.92,0.531,0.488,0.352,0.19,1.246,6.527,3.874,3.998,0.844,0.572,7.224,21.382,89.576,114.667,-6.21
2010-11,2010-11-13,WIZ,BUL,BUL,16.187,2.69,6.318,0.429,1.859,4.215,0.451,0.831,2.102,0.395,1.139,1.369,0.857,0.176,1.072,1.248,0.519,0.279,0.102,0.525,1.55,7.349,3.924,-0.799,0.534,0.495,0.341,0.178,1.201,7.372,4.257,4.519,0.814,0.551,6.967,21.326,91.376,114.572,-5.752
2010-11,2010-11-16,WIZ,RAP,WIZ,16.596,2.853,6.582,0.436,2.017,4.421,0.464,0.836,2.161,0.388,1.196,1.448,0.834,0.17,1.226,1.396,0.502,0.301,0.099,0.57,1.593,7.737,4.171,-0.962,0.538,0.499,0.331,0.181,1.16,7.773,4.514,4.363,0.848,0.532,7.095,21.59,92.019,114.104,-5.699
2010-11,2010-11-17,WIZ,CEL,CEL,16.974,3.039,6.835,0.445,2.198,4.618,0.481,0.841,2.218,0.382,1.189,1.464,0.815,0.195,1.19,1.385,0.486,0.322,0.096,0.552,1.543,8.108,4.482,-1.541,0.543,0.506,0.325,0.174,1.238,7.514,4.437,4.218,0.883,0.515,6.859,21.697,93.585,114.967,-5.269
2010-11,2010-11-19,WIZ,GRI,WIZ,17.095,2.98,6.869,0.434,2.164,4.628,0.471,0.816,2.241,0.368,1.242,1.538,0.809,0.189,1.185,1.374,0.471,0.341,0.093,0.535,1.496,8.017,4.373,-1.737,0.531,0.493,0.327,0.181,1.198,7.459,4.384,4.082,0.939,0.498,6.638,21.681,92.791,114.517,-5.386
2010-11,2010-11-21,WIZ,PIS,PIS,17.485,3.096,6.96,0.445,2.246,4.696,0.48,0.85,2.264,0.379,1.264,1.58,0.8,0.183,1.181,1.364,0.457,0.332,0.091,0.518,1.538,8.306,4.61,-1.692,0.542,0.505,0.325,0.182,1.161,7.344,4.309,3.954,0.909,0.482,6.43,21.557,94.829,114.844,-5.133
2010-11,2010-11-23,WIZ,76E,WIZ,17.887,3.207,7.186,0.445,2.268,4.76,0.477,0.938,2.426,0.39,1.256,1.564,0.804,0.178,1.232,1.41,0.472,0.35,0.116,0.531,1.522,8.608,4.853,-1.648,0.545,0.509,0.336,0.175,1.125,7.467,4.342,3.995,0.93,0.531,6.42,21.573,95.622,114.698,-4.796
2010-11,2010-11-25,WIZ,HAW,HAW,18.109,3.339,7.374,0.45,2.426,4.959,0.486,0.913,2.415,0.383,1.332,1.685,0.791,0.228,1.254,1.482,0.459,0.341,0.168,0.516,1.562,8.923,5.129,-1.606,0.547,0.512,0.326,0.181,1.325,7.518,4.465,3.878,0.903,0.672,6.231,21.759,96.634,115.059,-4.452
2010-11,2010-11-27,WIZ,MAG,WIZ,18.491,3.465,7.579,0.453,2.496,5.121,0.483,0.969,2.459,0.396,1.35,1.694,0.797,0.222,1.248,1.469,0.5,0.358,0.164,0.556,1.546,9.249,5.37,-1.378,0.552,0.516,0.323,0.179,1.287,7.406,4.386,4.118,0.926,0.653,6.373,21.869,97.501,115.172,-4.227
2010-11,2010-11-29,WIZ,HEA,HEA,18.878,3.481,7.775,0.444,2.537,5.275,0.475,0.944,2.499,0.382,1.445,1.807,0.8,0.242,1.242,1.484,0.486,0.349,0.159,0.567,1.557,9.35,5.308,-1.474,0.542,0.504,0.32,0.186,1.337,7.309,4.358,4.004,0.9,0.635,6.346,21.942,97.015,115.195,-4.343
2010-11,2010-12-01,WIZ,RAP,RAP,18.701,3.444,7.731,0.442,2.524,5.295,0.471,0.92,2.436,0.382,1.536,1.914,0.802,0.236,1.21,1.446,0.499,0.34,0.156,0.552,1.543,9.344,5.315,-1.719,0.542,0.502,0.314,0.197,1.301,7.111,4.241,4.26,0.876,0.617,6.175,22.192,97.528,115.838,-4.315
2010-11,2010-12-05,WIZ,SUN,SUN,18.82,3.559,7.889,0.447,2.611,5.388,0.478,0.947,2.501,0.383,1.548,1.942,0.798,0.28,1.231,1.51,0.512,0.332,0.177,0.563,1.603,9.612,5.529,-1.728,0.546,0.507,0.315,0.195,1.53,7.201,4.4,4.338,0.853,0.691,6.173,22.406,98.383,116.264,-4.065
2010-11,2010-12-07,WIZ,LAK,LAK,19.148,3.716,8.137,0.452,2.646,5.428,0.48,1.07,2.708,0.397,1.608,1.992,0.806,0.273,1.274,1.547,0.523,0.397,0.197,0.598,1.662,10.111,5.959,-1.468,0.555,0.517,0.329,0.196,1.491,7.259,4.433,4.391,0.956,0.732,6.25,22.626,99.296,116.411,-3.635
2010-11,2010-12-08,WIZ,KIN,KIN,19.313,3.653,8.135,0.445,2.608,5.466,0.471,1.045,2.669,0.394,1.594,1.969,0.808,0.266,1.316,1.582,0.534,0.388,0.216,0.655,1.693,9.944,5.722,-1.624,0.548,0.509,0.325,0.194,1.454,7.433,4.488,4.438,0.932,0.783,6.749,22.528,97.688,116.576,-4.002
2010-11,2010-12-10,WIZ,KNI,WIZ,19.626,3.708,8.249,0.445,2.618,5.479,0.472,1.091,2.77,0.396,1.604,1.994,0.804,0.26,1.378,1.639,0.545,0.402,0.211,0.686,1.7,10.111,5.824,-1.332,0.549,0.51,0.332,0.193,1.418,7.649,4.559,4.467,0.947,0.765,6.885,22.501,97.842,116.342,-3.882
2010-11,2010-12-14,WIZ,LAK,WIZ,19.908,3.83,8.541,0.444,2.764,5.743,0.474,1.066,2.799,0.386,1.637,2.017,0.809,0.254,1.37,1.625,0.578,0.438,0.206,0.716,1.707,10.361,5.939,-1.689,0.545,0.506,0.324,0.191,1.384,7.56,4.49,4.665,1.007,0.746,6.916,22.772,97.87,116.429,-3.771
2010-11,2010-12-16,WIZ,NNE,NNE,20.202,3.879,8.664,0.443,2.814,5.861,0.472,1.065,2.804,0.385,1.801,2.195,0.817,0.271,1.384,1.655,0.566,0.451,0.202,0.745,1.758,10.623,6.096,-1.72,0.546,0.505,0.321,0.204,1.431,7.531,4.5,4.557,1.019,0.729,6.983,22.868,98.222,116.14,-3.643
2010-11,2010-12-18,WIZ,HEA,WIZ,20.759,4.079,8.979,0.449,2.993,6.192,0.474,1.085,2.787,0.392,1.805,2.191,0.82,0.265,1.442,1.707,0.575,0.463,0.198,0.75,1.785,11.048,6.397,-1.705,0.55,0.509,0.309,0.199,1.398,7.598,4.507,4.556,1.021,0.712,6.915,22.882,98.762,115.909,-3.456
2010-11,2010-12-20,WIZ,BOB,WIZ,21.068,4.163,9.066,0.452,3.037,6.21,0.479,1.126,2.856,0.397,1.81,2.188,0.823,0.259,1.454,1.713,0.584,0.453,0.193,0.842,1.854,11.263,6.462,-1.049,0.555,0.515,0.313,0.197,1.368,7.607,4.5,4.568,0.998,0.696,7.35,22.947,98.834,115.334,-3.455
2010-11,2010-12-22,WIZ,BUL,WIZ,21.454,4.265,9.275,0.453,3.099,6.353,0.478,1.166,2.923,0.4,1.793,2.163,0.824,0.254,1.445,1.699,0.593,0.486,0.21,0.907,1.899,11.489,6.546,-1.258,0.555,0.515,0.313,0.192,1.338,7.522,4.437,4.608,1.035,0.727,7.562,23.055,98.664,114.935,-3.327
2010-11,2010-12-26,WIZ,SPU,SPU,21.758,4.281,9.476,0.446,3.139,6.573,0.468,1.142,2.904,0.396,1.757,2.119,0.825,0.29,1.457,1.746,0.601,0.475,0.206,0.93,1.88,11.461,6.393,-1.376,0.545,0.507,0.306,0.185,1.422,7.488,4.462,4.616,1.013,0.711,7.603,23.119,97.82,114.83,-3.521
2010-11,2010-12-27,WIZ,ROC,ROC,22.081,4.317,9.548,0.447,3.157,6.663,0.466,1.159,2.886,0.402,1.802,2.157,0.83,0.284,1.427,1.711,0.589,0.506,0.202,0.931,1.903,11.594,6.489,-1.63,0.546,0.507,0.303,0.188,1.393,7.332,4.368,4.52,1.05,0.697,7.576,23.011,98.386,114.813,-3.418
2010-11,2010-12-29,WIZ,PAC,WIZ,22.495,4.429,9.874,0.443,3.234,6.867,0.463,1.196,3.007,0.399,1.807,2.154,0.833,0.318,1.538,1.856,0.637,0.556,0.198,0.933,1.865,11.861,6.725,-1.421,0.543,0.504,0.304,0.184,1.448,7.529,4.484,4.672,1.102,0.682,7.495,23.086,98.623,114.408,-3.283
2010-11,2010-12-31,WIZ,PAC,PAC,22.64,4.383,9.897,0.439,3.171,6.832,0.457,1.212,3.066,0.397,1.81,2.152,0.835,0.331,1.508,1.839,0.643,0.545,0.194,0.973,1.926,11.788,6.548,-1.51,0.539,0.5,0.309,0.184,1.487,7.379,4.432,4.695,1.08,0.669,7.749,23.052,97.971,114.28,-3.471
2010-11,2011-01-01,WIZ,NHO,WIZ,22.974,4.471,10.091,0.439,3.263,6.988,0.459,1.208,3.103,0.392,1.871,2.206,0.841,0.344,1.555,1.899,0.688,0.554,0.21,0.974,1.985,12.022,6.734,-1.729,0.539,0.499,0.307,0.185,1.512,7.488,4.492,4.921,1.087,0.693,7.682,23.151,98.266,114.138,-3.337
2010-11,2011-01-05,WIZ,76E,76E,23.275,4.556,10.202,0.442,3.334,7.101,0.462,1.223,3.101,0.396,1.855,2.183,0.842,0.337,1.546,1.883,0.695,0.562,0.206,0.956,2.022,12.191,6.867,-1.94,0.541,0.502,0.304,0.182,1.483,7.418,4.436,4.908,1.092,0.68,7.534,23.087,98.799,114.308,-3.257
2010-11,2011-01-07,WIZ,NNE,WIZ,23.501,4.584,10.291,0.441,3.364,7.173,0.462,1.219,3.118,0.394,1.876,2.254,0.827,0.331,1.554,1.885,0.773,0.551,0.202,0.975,2.004,12.262,6.896,-1.465,0.54,0.5,0.303,0.183,1.455,7.389,4.411,5.308,1.072,0.667,7.584,23.161,98.652,113.982,-3.273
2010-11,2011-01-08,WIZ,BOB,BOB,23.5,4.556,10.251,0.44,3.34,7.153,0.46,1.215,3.098,0.395,1.842,2.213,0.828,0.325,1.562,1.887,0.777,0.542,0.198,0.993,2.022,12.169,6.786,-1.619,0.539,0.5,0.302,0.181,1.428,7.471,4.428,5.338,1.052,0.654,7.814,23.097,98.177,114.093,-3.46
2010-11,2011-01-11,WIZ,KIN,WIZ,23.89,4.723,10.46,0.446,3.405,7.239,0.463,1.317,3.22,0.409,1.952,2.334,0.831,0.355,1.57,1.925,0.816,0.532,0.195,1.029,2.021,12.715,7.251,-1.555,0.548,0.509,0.308,0.187,1.504,7.415,4.436,5.448,1.033,0.642,7.861,23.144,99.173,114.255,-3.232
2010-11,2011-01-13,WIZ,TIM,TIM,24.226,4.728,10.522,0.444,3.381,7.253,0.46,1.347,3.269,0.411,1.953,2.328,0.833,0.349,1.612,1.961,0.82,0.541,0.209,1.046,1.986,12.755,7.28,-1.702,0.547,0.508,0.31,0.185,1.478,7.452,4.45,5.413,1.036,0.66,7.932,23.054,99.01,114.286,-3.253
2010-11,2011-01-15,WIZ,RAP,WIZ,24.513,4.819,10.668,0.447,3.461,7.335,0.464,1.358,3.333,0.407,2.039,2.425,0.834,0.36,1.67,2.03,0.874,0.549,0.205,1.045,1.986,13.035,7.557,-1.571,0.55,0.51,0.311,0.191,1.499,7.555,4.514,5.62,1.04,0.648,7.867,23.107,99.641,114.158,-3.073
2010-11,2011-01-17,WIZ,JAZ,WIZ,24.726,4.856,10.691,0.449,3.47,7.33,0.466,1.386,3.362,0.411,2.14,2.519,0.841,0.354,1.693,2.047,0.893,0.539,0.219,1.061,1.987,13.237,7.76,-1.36,0.554,0.512,0.313,0.198,1.473,7.576,4.523,5.677,1.022,0.678,7.929,23.086,100.492,114.225,-2.927
2010-11,2011-01-19,WIZ,BUC,BUC,24.932,4.925,10.829,0.449,3.545,7.457,0.467,1.379,3.372,0.409,2.137,2.527,0.838,0.365,1.748,2.112,0.961,0.547,0.215,1.044,1.954,13.366,7.924,-1.486,0.553,0.512,0.31,0.195,1.502,7.753,4.617,6.05,1.029,0.667,7.794,23.133,100.636,114.17,-2.784
2010-11,2011-01-21,WIZ,SUN,WIZ,25.198,5.008,10.979,0.45,3.586,7.531,0.468,1.422,3.448,0.411,2.119,2.519,0.835,0.375,1.833,2.208,0.978,0.538,0.212,1.06,1.987,13.556,8.043,-1.739,0.554,0.514,0.312,0.192,1.515,7.932,4.703,6.102,1.011,0.656,7.809,23.14,100.792,114.167,-2.735
2010-11,2011-01-22,WIZ,CEL,WIZ,25.435,4.944,11.013,0.444,3.545,7.572,0.461,1.4,3.441,0.407,2.149,2.559,0.834,0.369,1.868,2.237,0.994,0.546,0.209,1.059,1.987,13.437,7.895,-1.807,0.548,0.507,0.311,0.193,1.491,7.994,4.719,6.127,1.018,0.645,7.783,23.079,99.976,113.902,-2.85
2010-11,2011-01-24,WIZ,KNI,KNI,25.688,4.977,11.092,0.444,3.567,7.626,0.461,1.409,3.465,0.407,2.21,2.629,0.835,0.364,1.855,2.218,1.01,0.537,0.205,1.089,1.988,13.573,7.946,-2.157,0.549,0.507,0.311,0.197,1.467,7.904,4.664,6.146,1.002,0.635,7.877,23.075,100.138,114.113,-2.883
2010-11,2011-01-25,WIZ,NUG,WIZ,25.934,5.055,11.215,0.446,3.668,7.726,0.467,1.387,3.489,0.399,2.269,2.712,0.831,0.373,1.888,2.261,1.026,0.544,0.218,1.073,1.988,13.766,8.135,-2.248,0.549,0.508,0.31,0.2,1.491,7.983,4.713,6.169,1.005,0.656,7.752,23.095,100.5,114.27,-2.832
2010-11,2011-01-28,WIZ,THU,THU,26.331,5.177,11.549,0.443,3.795,8.051,0.464,1.381,3.497,0.396,2.311,2.778,0.827,0.382,1.89,2.272,1.025,0.551,0.215,1.071,2.003,14.046,8.227,-2.213,0.545,0.504,0.303,0.198,1.499,7.939,4.692,6.129,1.005,0.646,7.673,23.244,100.415,114.328,-2.834
2010-11,2011-01-29,WIZ,GRI,GRI,26.35,5.129,11.511,0.442,3.754,8.051,0.46,1.376,3.46,0.399,2.322,2.796,0.826,0.377,1.861,2.239,1.025,0.573,0.211,1.07,1.988,13.956,8.155,-2.211,0.543,0.501,0.302,0.199,1.476,7.817,4.62,6.129,1.049,0.636,7.685,23.199,100.055,114.385,-2.879
2010-11,2011-01-31,WIZ,MAV,MAV,26.52,5.143,11.637,0.438,3.787,8.184,0.456,1.355,3.454,0.394,2.376,2.889,0.819,0.386,1.864,2.25,1.04,0.579,0.223,1.055,2.003,14.017,8.159,-2.252,0.539,0.497,0.298,0.201,1.492,7.787,4.611,6.181,1.054,0.666,7.569,23.279,99.902,114.425,-2.886
2010-11,2011-02-01,WIZ,NHO,NHO,26.708,5.2,11.731,0.44,3.819,8.226,0.458,1.38,3.505,0.395,2.473,3.022,0.815,0.395,1.88,2.275,1.054,0.586,0.22,1.054,2.032,14.251,8.35,-2.293,0.541,0.499,0.3,0.207,1.516,7.822,4.638,6.254,1.059,0.656,7.518,23.379,100.381,114.388,-2.716
2010-11,2011-02-04,WIZ,MAG,WIZ,26.848,5.225,11.851,0.438,3.866,8.367,0.456,1.36,3.484,0.393,2.481,3.051,0.811,0.39,1.868,2.257,1.067,0.577,0.216,1.082,2.032,14.291,8.272,-2.548,0.538,0.495,0.296,0.206,1.494,7.746,4.591,6.298,1.044,0.646,7.582,23.505,99.949,114.53,-2.867
2010-11,2011-02-05,WIZ,HAW,WIZ,27.075,5.251,11.925,0.437,3.868,8.405,0.455,1.383,3.52,0.395,2.503,3.093,0.808,0.384,1.898,2.282,1.052,0.583,0.213,1.095,2.032,14.388,8.304,-2.512,0.538,0.495,0.296,0.207,1.472,7.815,4.608,6.206,1.048,0.637,7.605,23.538,99.906,114.595,-2.897
2010-11,2011-02-09,WIZ,BUC,WIZ,27.276,5.318,12.024,0.439,3.912,8.484,0.456,1.406,3.541,0.398,2.51,3.091,0.81,0.378,1.928,2.306,1.052,0.589,0.238,1.122,2.045,14.551,8.424,-2.211,0.54,0.498,0.296,0.205,1.451,7.833,4.617,6.186,1.051,0.672,7.681,23.582,100.136,114.329,-2.814
2010-11,2011-02-12,WIZ,SPU,WIZ,27.164,5.273,11.997,0.437,3.885,8.463,0.454,1.386,3.533,0.395,2.475,3.049,0.81,0.373,1.901,2.275,1.038,0.581,0.235,1.148,2.072,14.406,8.214,-2.305,0.537,0.495,0.296,0.203,1.43,7.723,4.552,6.099,1.036,0.663,7.898,23.675,99.219,114.648,-3.203
2010-11,2011-02-13,WIZ,CAV,CAV,27.237,5.391,12.12,0.441,4.01,8.621,0.459,1.381,3.499,0.397,2.469,3.035,0.812,0.368,1.93,2.298,1.023,0.6,0.232,1.132,2.058,14.632,8.439,-2.205,0.54,0.499,0.291,0.201,1.41,7.779,4.579,6.014,1.065,0.653,7.788,23.757,99.868,114.528,-3.07
2010-11,2011-02-22,WIZ,PAC,WIZ,27.309,5.373,12.159,0.438,3.983,8.653,0.455,1.39,3.506,0.397,2.516,3.088,0.812,0.377,1.958,2.335,1.037,0.592,0.229,1.144,2.071,14.652,8.418,-2.27,0.539,0.496,0.29,0.204,1.434,7.829,4.618,6.062,1.05,0.644,7.818,23.761,99.734,114.439,-3.066
2010-11,2011-02-23,WIZ,76E,76E,27.37,5.381,12.198,0.438,3.984,8.698,0.453,1.398,3.499,0.4,2.496,3.061,0.813,0.372,1.958,2.33,1.023,0.585,0.226,1.142,2.083,14.657,8.376,-2.598,0.538,0.496,0.29,0.202,1.414,7.846,4.604,5.98,1.037,0.635,7.795,23.747,99.629,114.649,-3.127
2010-11,2011-02-25,WIZ,HEA,HEA,27.496,5.469,12.287,0.441,4.01,8.729,0.455,1.458,3.558,0.409,2.569,3.126,0.818,0.367,1.972,2.339,1.023,0.59,0.223,1.153,2.094,14.963,8.646,-2.525,0.544,0.501,0.292,0.206,1.395,7.886,4.608,5.963,1.04,0.627,7.801,23.807,100.434,114.773,-2.874
2010-11,2011-02-26,WIZ,MAV,WIZ,27.548,5.488,12.336,0.442,4.049,8.771,0.456,1.439,3.565,0.404,2.535,3.085,0.818,0.363,1.985,2.348,1.035,0.595,0.22,1.164,2.094,14.952,8.613,-2.609,0.542,0.5,0.291,0.203,1.377,7.916,4.608,6.006,1.048,0.619,7.844,23.819,100.204,114.697,-2.91
2010-11,2011-02-28,WIZ,BUL,WIZ,27.662,5.495,12.37,0.441,4.049,8.774,0.456,1.446,3.596,0.403,2.503,3.046,0.819,0.371,2.011,2.382,1.035,0.601,0.217,1.175,2.079,14.94,8.594,-2.793,0.541,0.5,0.292,0.2,1.39,7.981,4.638,6.002,1.052,0.611,7.895,23.778,100.007,114.714,-2.907
2010-11,2011-03-02,WIZ,WAR,WIZ,27.867,5.552,12.517,0.44,4.074,8.878,0.454,1.479,3.638,0.407,2.56,3.109,0.82,0.379,1.999,2.377,1.034,0.606,0.227,1.173,2.091,15.143,8.726,-2.77,0.542,0.499,0.292,0.202,1.399,7.911,4.608,5.981,1.052,0.625,7.84,23.821,100.212,114.706,-2.799
2010-11,2011-03-06,WIZ,PIS,PIS,28.038,5.57,12.56,0.44,4.073,8.88,0.454,1.498,3.681,0.407,2.578,3.157,0.814,0.374,2.024,2.397,1.034,0.61,0.224,1.183,2.115,15.216,8.75,-2.823,0.542,0.5,0.295,0.202,1.382,7.994,4.629,5.958,1.055,0.617,7.86,23.805,100.235,114.823,-2.799
2010-11,2011-03-08,WIZ,BUC,WIZ,28.1,5.563,12.566,0.44,4.084,8.882,0.455,1.48,3.684,0.402,2.546,3.13,0.811,0.369,2.036,2.405,1.046,0.615,0.234,1.23,2.126,15.153,8.647,-2.875,0.54,0.499,0.294,0.2,1.364,8.02,4.629,6.029,1.062,0.64,8.101,23.798,99.744,114.7,-2.891
2010-11,2011-03-12,WIZ,CLI,WIZ,28.147,5.581,12.621,0.439,4.107,8.908,0.456,1.473,3.713,0.398,2.515,3.093,0.811,0.377,2.023,2.4,1.046,0.62,0.231,1.215,2.149,15.151,8.628,-2.974,0.539,0.498,0.296,0.197,1.387,7.967,4.614,6.025,1.067,0.633,8.001,23.787,99.698,114.852,-2.933
2010-11,2011-03-14,WIZ,THU,WIZ,28.135,5.563,12.662,0.437,4.107,8.946,0.455,1.456,3.716,0.394,2.522,3.104,0.811,0.373,2.011,2.383,1.044,0.612,0.228,1.225,2.147,15.102,8.515,-3.274,0.536,0.494,0.295,0.197,1.37,7.928,4.582,6.024,1.053,0.625,8.026,23.85,99.385,115.037,-3.091
2010-11,2011-03-22,WIZ,BLA,BLA,27.802,5.496,12.512,0.437,4.058,8.839,0.455,1.439,3.672,0.394,2.492,3.067,0.811,0.368,1.987,2.355,1.032,0.606,0.226,1.21,2.122,14.923,8.414,-3.235,0.536,0.494,0.295,0.197,1.369,7.934,4.584,6.028,1.054,0.626,8.021,23.855,99.425,115.039,-3.076
2010-11,2011-03-25,WIZ,NUG,NUG,27.862,5.479,12.542,0.435,4.057,8.877,0.453,1.422,3.665,0.39,2.486,3.055,0.812,0.364,1.976,2.339,1.02,0.61,0.223,1.22,2.12,14.866,8.311,-3.432,0.533,0.492,0.294,0.197,1.352,7.879,4.547,5.955,1.06,0.618,8.06,23.85,99.045,115.196,-3.213
2010-11,2011-03-27,WIZ,WAR,WAR,27.692,5.45,12.455,0.436,4.034,8.821,0.453,1.417,3.634,0.391,2.457,3.02,0.812,0.359,1.953,2.312,1.008,0.603,0.221,1.206,2.096,14.775,8.269,-3.381,0.534,0.493,0.294,0.196,1.336,7.785,4.493,5.883,1.048,0.61,7.963,23.756,99.533,115.373,-3.173
2011-12,2011-12-26,WIZ,NNE,WIZ,29.766,6.088,13.707,0.452,4.573,9.796,0.472,1.515,3.91,0.369,2.779,3.386,0.825,0.375,2.183,2.558,1.082,0.65,0.246,1.299,2.126,16.47,9.416,-4.002,0.548,0.505,0.276,0.211,1.171,8.356,4.666,5.873,1.003,0.641,7.17,24.39,104.968,115.227,-1.452
2011-12,2011-12-28,WIZ,HAW,HAW,29.508,6.038,13.515,0.453,4.502,9.601,0.475,1.537,3.915,0.397,2.865,3.444,0.833,0.358,2.159,2.518,1.154,0.62,0.235,1.24,2.135,16.479,9.599,-3.782,0.555,0.51,0.29,0.224,1.118,8.349,4.631,6.92,0.957,0.612,6.844,24.263,107.06,115.398,-0.868
2011-12,2011-12-30,WIZ,BUC,BUC,29.13,5.852,13.33,0.438,4.339,9.499,0.453,1.514,3.831,0.402,2.777,3.33,0.84,0.343,2.145,2.488,1.183,0.593,0.224,1.219,2.126,15.995,9.176,-3.871,0.542,0.495,0.286,0.215,1.07,8.508,4.651,7.293,0.916,0.585,6.942,24.169,104.057,115.337,-1.57
2011-12,2012-01-01,WIZ,CEL,WIZ,29.059,5.868,13.339,0.44,4.41,9.551,0.461,1.459,3.788,0.383,2.815,3.346,0.847,0.328,2.135,2.463,1.18,0.602,0.215,1.203,2.152,16.012,9.194,-3.523,0.541,0.494,0.282,0.217,1.025,8.516,4.624,7.314,0.952,0.561,6.886,24.328,104.222,115.032,-1.508
2011-12,2012-01-02,WIZ,CEL,CEL,29.097,5.76,13.334,0.429,4.355,9.549,0.454,1.406,3.785,0.363,2.854,3.364,0.853,0.349,2.094,2.442,1.175,0.579,0.206,1.191,2.112,15.782,8.931,-3.748,0.531,0.481,0.282,0.219,1.12,8.323,4.579,7.218,0.914,0.538,6.85,24.323,103.093,115.27,-1.992
2011-12,2012-01-04,WIZ,MAG,MAG,28.91,5.725,13.37,0.425,4.337,9.618,0.449,1.389,3.752,0.362,2.959,3.449,0.858,0.369,2.12,2.489,1.138,0.558,0.264,1.181,2.074,15.798,8.955,-4.208,0.529,0.476,0.278,0.227,1.223,8.484,4.711,6.94,0.879,0.745,6.795,24.661,103.128,115.183,-1.738
2011-12,2012-01-06,WIZ,KNI,WIZ,29.299,5.823,13.573,0.428,4.353,9.721,0.446,1.47,3.852,0.38,2.93,3.402,0.864,0.357,2.147,2.504,1.166,0.57,0.256,1.237,2.005,16.046,9.106,-3.844,0.531,0.481,0.283,0.218,1.178,8.429,4.673,6.961,0.887,0.717,7.01,24.64,103.197,114.806,-1.648
2011-12,2012-01-08,WIZ,TIM,WIZ,29.38,5.824,13.643,0.426,4.339,9.821,0.44,1.486,3.822,0.389,2.838,3.293,0.869,0.345,2.109,2.454,1.224,0.551,0.248,1.228,1.971,15.972,9.008,-3.876,0.528,0.48,0.279,0.209,1.136,8.264,4.567,7.466,0.856,0.692,6.97,24.585,102.976,114.813,-1.643
2011-12,2012-01-10,WIZ,RAP,WIZ,29.367,5.826,13.619,0.427,4.357,9.763,0.445,1.47,3.856,0.38,2.812,3.252,0.873,0.334,2.074,2.408,1.218,0.532,0.24,1.189,2.001,15.934,8.975,-3.629,0.528,0.481,0.283,0.207,1.097,8.106,4.479,7.394,0.826,0.668,6.73,24.503,103.425,114.233,-1.683
2011-12,2012-01-11,WIZ,BUL,BUL,29.394,5.707,13.536,0.42,4.283,9.738,0.438,1.424,3.798,0.372,2.757,3.182,0.877,0.323,2.101,2.424,1.182,0.546,0.233,1.243,2.0,15.596,8.584,-3.545,0.52,0.472,0.28,0.204,1.06,8.123,4.476,7.148,0.859,0.645,7.199,24.416,101.244,113.525,-2.083
2011-12,2012-01-13,WIZ,76E,76E,29.256,5.683,13.428,0.421,4.302,9.714,0.441,1.381,3.714,0.368,2.705,3.116,0.881,0.313,2.038,2.351,1.206,0.529,0.226,1.264,1.999,15.453,8.46,-4.028,0.52,0.473,0.275,0.202,1.026,7.861,4.332,7.385,0.831,0.624,7.486,24.344,101.01,114.186,-2.252
2011-12,2012-01-14,WIZ,76E,WIZ,29.573,5.834,13.672,0.426,4.436,9.865,0.449,1.398,3.807,0.364,2.713,3.14,0.874,0.333,2.151,2.484,1.172,0.542,0.219,1.285,1.998,15.78,8.682,-3.911,0.523,0.477,0.278,0.199,1.075,8.121,4.484,7.154,0.846,0.605,7.496,24.425,101.448,114.086,-2.066
2011-12,2012-01-16,WIZ,ROC,WIZ,29.553,5.753,13.623,0.421,4.339,9.784,0.442,1.415,3.839,0.366,2.777,3.191,0.878,0.323,2.09,2.413,1.167,0.526,0.213,1.277,1.941,15.698,8.589,-3.941,0.521,0.473,0.281,0.204,1.042,7.875,4.348,7.086,0.82,0.587,7.469,24.39,101.525,114.629,-2.215
2011-12,2012-01-18,WIZ,THU,WIZ,29.673,5.758,13.714,0.419,4.246,9.706,0.436,1.512,4.008,0.377,2.893,3.378,0.858,0.342,2.115,2.456,1.19,0.511,0.234,1.242,1.997,15.922,8.773,-3.804,0.523,0.474,0.292,0.212,1.085,7.961,4.393,7.216,0.796,0.64,7.249,24.399,102.392,114.316,-1.956
2011-12,2012-01-20,WIZ,NUG,WIZ,29.941,5.87,13.935,0.421,4.292,9.767,0.438,1.579,4.168,0.379,2.842,3.314,0.861,0.332,2.058,2.39,1.265,0.604,0.228,1.208,1.997,16.163,9.061,-3.567,0.524,0.478,0.299,0.204,1.054,7.734,4.268,7.504,0.913,0.622,7.042,24.391,102.752,114.193,-1.726
2011-12,2012-01-22,WIZ,CEL,WIZ,30.023,5.899,13.91,0.424,4.336,9.694,0.446,1.563,4.216,0.371,2.873,3.357,0.857,0.35,2.108,2.458,1.259,0.614,0.222,1.28,2.075,16.235,9.081,-3.76,0.527,0.48,0.303,0.207,1.145,7.941,4.43,7.446,0.929,0.605,7.424,24.46,102.703,114.021,-1.761
2011-12,2012-01-23,WIZ,76E,76E,30.004,5.85,13.81,0.423,4.327,9.65,0.447,1.523,4.159,0.366,2.851,3.374,0.846,0.341,2.131,2.472,1.252,0.598,0.241,1.299,2.073,16.075,8.933,-3.893,0.525,0.478,0.301,0.207,1.113,8.075,4.467,7.417,0.904,0.653,7.615,24.44,101.982,114.21,-1.941
2011-12,2012-01-25,WIZ,BOB,WIZ,29.983,5.878,13.914,0.423,4.343,9.758,0.444,1.536,4.156,0.369,2.879,3.389,0.851,0.357,2.102,2.459,1.221,0.583,0.236,1.266,2.146,16.171,8.939,-3.671,0.524,0.478,0.299,0.207,1.192,7.952,4.447,7.222,0.881,0.636,7.415,24.56,102.482,113.625,-1.979
2011-12,2012-01-27,WIZ,ROC,ROC,30.023,5.881,13.988,0.421,4.383,9.885,0.443,1.498,4.103,0.365,2.882,3.379,0.854,0.348,2.051,2.399,1.216,0.618,0.23,1.308,2.142,16.142,8.827,-3.946,0.521,0.474,0.293,0.206,1.161,7.748,4.333,7.206,0.938,0.619,7.586,24.625,101.906,113.583,-2.031
2011-12,2012-01-28,WIZ,BOB,BOB,29.959,5.954,14.012,0.425,4.469,9.959,0.448,1.486,4.053,0.366,2.862,3.347,0.857,0.34,2.026,2.366,1.187,0.626,0.224,1.348,2.186,16.256,8.873,-3.638,0.525,0.478,0.29,0.204,1.132,7.662,4.284,7.026,0.961,0.604,7.794,24.844,101.883,113.544,-2.167
2011-12,2012-01-30,WIZ,BUL,WIZ,29.98,5.978,14.151,0.423,4.481,10.076,0.445,1.498,4.075,0.367,2.818,3.292,0.859,0.379,2.048,2.427,1.206,0.658,0.266,1.34,2.205,16.273,8.915,-3.645,0.521,0.475,0.288,0.199,1.268,7.775,4.404,7.145,1.021,0.726,7.719,24.953,101.837,113.311,-1.993
2011-12,2012-02-01,WIZ,MAG,MAG,29.778,6.024,14.125,0.427,4.47,10.029,0.445,1.555,4.096,0.379,2.845,3.33,0.856,0.37,2.07,2.44,1.178,0.644,0.26,1.356,2.269,16.448,9.044,-3.926,0.527,0.482,0.29,0.202,1.238,7.995,4.497,6.975,0.996,0.709,7.811,25.19,102.627,113.518,-1.733
2011-12,2012-02-03,WIZ,RAP,RAP,29.887,6.046,14.189,0.426,4.481,10.095,0.444,1.565,4.094,0.382,2.893,3.39,0.855,0.384,2.09,2.474,1.175,0.652,0.276,1.347,2.263,16.55,9.147,-3.972,0.527,0.481,0.288,0.204,1.274,8.007,4.523,6.95,1.009,0.732,7.741,25.225,102.822,113.622,-1.623
2011-12,2012-02-04,WIZ,CLI,WIZ,29.855,6.023,14.229,0.424,4.471,10.115,0.442,1.552,4.114,0.377,2.895,3.403,0.851,0.397,2.066,2.464,1.171,0.659,0.292,1.318,2.214,16.494,9.117,-4.452,0.524,0.478,0.289,0.203,1.323,7.932,4.511,6.969,1.028,0.779,7.565,25.311,102.576,113.767,-1.613
2011-12,2012-02-06,WIZ,RAP,WIZ,30.09,6.086,14.373,0.424,4.525,10.284,0.44,1.562,4.09,0.381,3.026,3.566,0.848,0.453,2.065,2.518,1.167,0.666,0.286,1.311,2.209,16.761,9.343,-4.272,0.526,0.478,0.284,0.211,1.516,7.886,4.584,6.919,1.035,0.761,7.479,25.426,103.163,113.884,-1.518
2011-12,2012-02-08,WIZ,KNI,WIZ,30.134,6.022,14.303,0.421,4.493,10.194,0.441,1.529,4.109,0.372,2.984,3.533,0.844,0.443,2.105,2.548,1.164,0.653,0.279,1.305,2.267,16.556,9.126,-4.161,0.522,0.475,0.287,0.209,1.483,8.023,4.639,6.864,1.012,0.745,7.486,25.278,102.333,114.082,-1.789
2011-12,2012-02-10,WIZ,HEA,WIZ,30.312,6.042,14.399,0.42,4.483,10.17,0.441,1.559,4.23,0.369,3.025,3.563,0.849,0.455,2.082,2.537,1.161,0.66,0.274,1.36,2.242,16.668,9.14,-4.179,0.522,0.474,0.294,0.21,1.5,7.925,4.599,6.822,1.019,0.729,7.665,25.304,102.135,114.038,-1.74
2011-12,2012-02-12,WIZ,PIS,PIS,30.328,6.081,14.371,0.424,4.493,10.106,0.444,1.588,4.265,0.372,3.024,3.552,0.851,0.466,2.081,2.547,1.157,0.687,0.268,1.373,2.237,16.775,9.304,-3.692,0.526,0.479,0.297,0.211,1.56,7.879,4.612,6.811,1.064,0.714,7.762,25.258,102.757,113.391,-1.479
2011-12,2012-02-14,WIZ,BLA,BLA,30.513,6.198,14.423,0.43,4.503,10.084,0.447,1.695,4.339,0.391,3.044,3.56,0.854,0.476,2.079,2.556,1.134,0.712,0.263,1.366,2.252,17.134,9.692,-3.461,0.536,0.489,0.301,0.211,1.608,7.833,4.618,6.672,1.095,0.699,7.707,25.214,104.435,113.546,-1.175
2011-12,2012-02-15,WIZ,CLI,CLI,30.593,6.174,14.493,0.427,4.455,10.044,0.443,1.72,4.449,0.386,3.005,3.511,0.856,0.467,2.058,2.526,1.132,0.699,0.258,1.378,2.267,17.074,9.528,-3.8,0.532,0.486,0.307,0.207,1.576,7.738,4.558,6.659,1.073,0.685,7.749,25.264,103.826,113.775,-1.324
2011-12,2012-02-17,WIZ,JAZ,JAZ,30.495,6.133,14.445,0.425,4.445,10.062,0.442,1.688,4.383,0.385,2.986,3.482,0.857,0.458,2.076,2.534,1.129,0.686,0.253,1.371,2.242,16.94,9.412,-4.051,0.53,0.483,0.303,0.207,1.545,7.857,4.6,6.65,1.052,0.672,7.738,25.233,103.438,113.956,-1.49
2011-12,2012-02-20,WIZ,SUN,SUN,30.463,6.075,14.419,0.422,4.419,10.042,0.44,1.656,4.376,0.378,2.93,3.417,0.858,0.45,2.075,2.525,1.127,0.673,0.248,1.382,2.275,16.735,9.158,-4.33,0.526,0.479,0.304,0.203,1.516,7.861,4.584,6.625,1.032,0.659,7.846,25.192,102.352,113.996,-1.804
2011-12,2012-02-22,WIZ,KIN,WIZ,30.544,6.073,14.576,0.417,4.374,10.096,0.433,1.699,4.48,0.38,2.895,3.373,0.859,0.46,2.055,2.515,1.125,0.678,0.244,1.394,2.27,16.74,9.049,-4.525,0.521,0.475,0.307,0.198,1.551,7.766,4.554,6.58,1.039,0.646,7.846,25.296,101.912,114.184,-2.0
2011-12,2012-02-28,WIZ,BUC,BUC,30.356,6.018,14.511,0.415,4.332,10.023,0.432,1.687,4.489,0.376,2.843,3.313,0.859,0.47,2.035,2.506,1.105,0.685,0.257,1.368,2.265,16.565,8.929,-4.462,0.518,0.473,0.309,0.196,1.635,7.711,4.57,6.458,1.066,0.701,7.701,25.266,101.543,114.385,-2.155
2011-12,2012-02-29,WIZ,MAG,WIZ,30.148,5.947,14.361,0.414,4.273,9.916,0.43,1.674,4.445,0.377,2.793,3.254,0.86,0.461,2.017,2.479,1.085,0.672,0.253,1.398,2.261,16.361,8.737,-4.436,0.518,0.473,0.31,0.195,1.605,7.687,4.543,6.341,1.047,0.688,8.166,25.196,100.715,114.595,-2.445
2011-12,2012-03-05,WIZ,WAR,WIZ,30.068,6.0,14.355,0.418,4.285,9.883,0.433,1.715,4.472,0.384,2.796,3.267,0.857,0.471,2.0,2.47,1.066,0.678,0.248,1.373,2.239,16.51,8.933,-4.655,0.523,0.478,0.311,0.195,1.638,7.637,4.533,6.227,1.063,0.676,8.02,25.205,101.755,114.906,-2.136
2011-12,2012-03-07,WIZ,LAK,WIZ,30.048,6.017,14.434,0.417,4.314,9.884,0.436,1.703,4.549,0.375,2.817,3.279,0.86,0.48,1.965,2.445,1.15,0.701,0.261,1.384,2.235,16.553,9.007,-4.439,0.521,0.476,0.315,0.195,1.667,7.503,4.486,6.676,1.104,0.713,8.034,25.347,101.83,114.732,-2.016
2011-12,2012-03-10,WIZ,BLA,WIZ,30.009,5.983,14.461,0.414,4.292,9.887,0.434,1.691,4.574,0.371,2.786,3.274,0.852,0.472,1.983,2.455,1.131,0.706,0.257,1.361,2.214,16.443,8.874,-4.481,0.517,0.473,0.316,0.192,1.638,7.622,4.52,6.561,1.12,0.701,7.896,25.422,101.213,114.91,-2.21
2011-12,2012-03-12,WIZ,SPU,SPU,29.914,5.999,14.387,0.417,4.271,9.806,0.435,1.729,4.581,0.378,2.74,3.22,0.852,0.464,1.983,2.447,1.112,0.71,0.269,1.388,2.21,16.468,8.931,-4.54,0.521,0.477,0.318,0.19,1.61,7.657,4.522,6.45,1.138,0.74,8.153,25.413,101.497,115.013,-2.02
2011-12,2012-03-13,WIZ,MAV,MAV,29.96,5.983,14.332,0.418,4.266,9.76,0.437,1.717,4.572,0.376,2.761,3.266,0.847,0.457,1.999,2.456,1.127,0.715,0.265,1.414,2.191,16.445,8.922,-4.726,0.521,0.478,0.319,0.193,1.583,7.713,4.528,6.519,1.146,0.728,8.317,25.369,101.355,115.046,-2.034
2011-12,2012-03-18,CLI,PIS,CLI,29.937,5.903,14.199,0.416,4.214,9.684,0.434,1.69,4.515,0.375,2.828,3.341,0.847,0.449,1.967,2.417,1.125,0.736,0.261,1.392,2.187,16.325,8.886,-4.65,0.521,0.475,0.318,0.199,1.557,7.587,4.454,6.504,1.194,0.716,8.181,25.229,101.513,114.717,-1.987
2011-12,2012-03-20,CLI,PAC,PAC,30.036,5.889,14.18,0.415,4.21,9.642,0.436,1.679,4.538,0.371,2.815,3.32,0.849,0.474,1.983,2.457,1.122,0.724,0.257,1.401,2.185,16.273,8.842,-4.703,0.52,0.475,0.32,0.198,1.629,7.657,4.521,6.47,1.175,0.704,8.253,25.156,101.473,114.98,-2.055
2011-12,2012-03-21,CLI,THU,THU,30.013,5.844,14.131,0.414,4.145,9.57,0.432,1.7,4.561,0.373,2.818,3.315,0.851,0.482,1.968,2.45,1.121,0.728,0.253,1.395,2.213,16.206,8.791,-4.615,0.52,0.474,0.323,0.2,1.662,7.612,4.515,6.478,1.187,0.693,8.241,25.103,101.449,115.266,-2.092
2011-12,2012-03-22,CLI,NHO,NHO,30.009,5.801,14.022,0.414,4.112,9.454,0.434,1.689,4.568,0.37,2.775,3.265,0.851,0.49,1.968,2.459,1.104,0.717,0.248,1.419,2.225,16.066,8.663,-4.575,0.519,0.474,0.326,0.198,1.681,7.687,4.539,6.377,1.168,0.682,8.581,24.939,101.02,115.308,-2.222
2011-12,2012-03-24,CLI,GRI,CLI,29.954,5.804,14.006,0.414,4.14,9.492,0.436,1.664,4.514,0.369,2.794,3.29,0.85,0.512,1.954,2.466,1.102,0.706,0.245,1.398,2.206,16.065,8.697,-4.431,0.519,0.473,0.323,0.2,1.831,7.637,4.584,6.391,1.15,0.672,8.449,24.992,101.328,115.242,-2.204
2011-12,2012-03-26,CLI,NHO,CLI,29.872,5.792,13.961,0.415,4.094,9.395,0.435,1.698,4.566,0.372,2.796,3.286,0.852,0.505,1.925,2.43,1.086,0.711,0.241,1.436,2.248,16.078,8.661,-4.276,0.521,0.475,0.328,0.2,1.803,7.521,4.515,6.295,1.166,0.662,8.692,25.113,101.202,115.011,-2.238
2011-12,2012-03-28,CLI,SUN,CLI,29.803,5.751,13.918,0.413,4.063,9.36,0.433,1.688,4.558,0.371,2.785,3.282,0.85,0.498,1.926,2.423,1.07,0.7,0.238,1.416,2.259,15.974,8.556,-3.951,0.52,0.474,0.328,0.2,1.776,7.529,4.512,6.201,1.148,0.652,8.562,25.076,100.96,114.832,-2.373
2011-12,2012-03-30,CLI,BLA,CLI,29.74,5.725,13.876,0.413,4.034,9.312,0.432,1.693,4.564,0.371,2.745,3.235,0.85,0.491,1.927,2.418,1.054,0.705,0.263,1.424,2.27,15.888,8.486,-3.966,0.519,0.474,0.33,0.198,1.75,7.573,4.528,6.109,1.164,0.736,8.662,25.085,100.564,114.791,-2.443
2011-12,2012-03-31,CLI,JAZ,CLI,29.625,5.715,13.821,0.413,4.019,9.265,0.433,1.697,4.556,0.373,2.72,3.217,0.847,0.483,1.942,2.426,1.054,0.709,0.259,1.432,2.294,15.847,8.459,-3.881,0.52,0.475,0.33,0.197,1.725,7.688,4.594,6.136,1.184,0.726,8.762,25.159,100.512,114.663,-2.465
2011-12,2012-04-02,CLI,MAV,MAV,29.475,5.691,13.753,0.414,3.99,9.191,0.433,1.701,4.562,0.373,2.682,3.172,0.847,0.49,1.915,2.406,1.039,0.699,0.256,1.426,2.262,15.765,8.41,-3.728,0.52,0.476,0.332,0.195,1.784,7.578,4.57,6.049,1.167,0.715,8.779,25.167,100.619,114.439,-2.43
2011-12,2012-04-04,CLI,LAK,CLI,29.332,5.695,13.77,0.414,4.004,9.188,0.435,1.692,4.582,0.37,2.645,3.128,0.847,0.497,1.889,2.386,1.038,0.689,0.266,1.406,2.258,15.727,8.38,-3.649,0.519,0.475,0.333,0.192,1.83,7.471,4.545,6.091,1.15,0.757,8.656,25.279,100.653,114.602,-2.442
2011-12,2012-04-05,CLI,KIN,KIN,29.235,5.658,13.719,0.412,3.977,9.118,0.435,1.682,4.601,0.366,2.609,3.085,0.847,0.491,1.89,2.381,1.038,0.694,0.276,1.428,2.255,15.608,8.271,-3.641,0.517,0.473,0.336,0.19,1.804,7.492,4.551,6.108,1.168,0.791,8.856,25.287,100.115,114.344,-2.532
2011-12,2012-04-07,CLI,KIN,CLI,29.179,5.609,13.629,0.411,3.937,9.035,0.434,1.673,4.594,0.365,2.573,3.044,0.847,0.498,1.878,2.376,1.051,0.698,0.273,1.409,2.238,15.465,8.212,-3.417,0.516,0.472,0.338,0.189,1.841,7.452,4.551,6.154,1.178,0.78,8.735,25.101,100.046,114.147,-2.568
2011-12,2012-04-09,CLI,GRI,GRI,29.033,5.535,13.515,0.409,3.884,8.955,0.432,1.651,4.559,0.363,2.539,3.003,0.847,0.491,1.866,2.358,1.037,0.715,0.282,1.39,2.235,15.26,8.086,-3.437,0.514,0.47,0.338,0.188,1.816,7.447,4.531,6.071,1.246,0.828,8.617,24.936,98.693,114.01,-2.655
2011-12,2012-04-11,CLI,THU,THU,29.002,5.501,13.429,0.409,3.872,8.903,0.433,1.629,4.526,0.361,2.558,3.03,0.846,0.485,1.855,2.34,1.023,0.705,0.279,1.398,2.258,15.19,8.014,-3.249,0.514,0.47,0.338,0.19,1.792,7.415,4.502,5.99,1.229,0.817,8.741,24.869,98.618,114.09,-2.744
2011-12,2012-04-12,CLI,TIM,TIM,28.965,5.469,13.398,0.408,3.848,8.866,0.433,1.621,4.532,0.358,2.565,3.042,0.845,0.479,1.857,2.335,1.01,0.709,0.275,1.38,2.255,15.123,7.961,-3.206,0.512,0.468,0.339,0.192,1.769,7.428,4.497,5.911,1.24,0.806,8.626,24.838,98.517,113.865,-2.8
2011-12,2012-04-14,CLI,WAR,CLI,28.866,5.425,13.278,0.408,3.812,8.778,0.432,1.613,4.5,0.359,2.544,3.029,0.841,0.485,1.846,2.331,1.01,0.701,0.271,1.363,2.239,15.007,7.921,-3.191,0.513,0.469,0.34,0.192,1.817,7.408,4.512,5.909,1.224,0.796,8.514,24.653,99.108,113.984,-2.79
2011-12,2012-04-16,CLI,THU,CLI,28.767,5.444,13.236,0.411,3.814,8.743,0.434,1.63,4.493,0.363,2.538,3.016,0.843,0.479,1.823,2.301,0.997,0.692,0.268,1.345,2.236,15.057,7.998,-2.999,0.516,0.472,0.341,0.192,1.794,7.313,4.454,5.832,1.208,0.785,8.405,24.653,100.12,113.843,-2.52
2011-12,2012-04-18,CLI,NUG,NUG,28.721,5.439,13.171,0.413,3.792,8.684,0.435,1.648,4.488,0.368,2.506,2.979,0.843,0.486,1.813,2.298,0.984,0.708,0.265,1.354,2.257,15.031,8.008,-2.925,0.519,0.475,0.342,0.19,1.83,7.294,4.463,5.758,1.246,0.775,8.551,24.574,100.371,113.782,-2.431
2011-12,2012-04-19,CLI,SUN,SUN,28.579,5.397,13.07,0.412,3.757,8.614,0.434,1.64,4.457,0.368,2.475,2.941,0.843,0.48,1.814,2.294,0.973,0.699,0.274,1.337,2.242,14.908,7.949,-2.951,0.519,0.475,0.342,0.189,1.807,7.372,4.491,5.687,1.231,0.836,8.444,24.443,100.479,113.76,-2.412
2011-12,2012-04-24,CLI,HAW,HAW,28.433,5.356,12.973,0.412,3.723,8.545,0.434,1.632,4.427,0.369,2.445,2.906,0.843,0.474,1.792,2.266,0.961,0.703,0.27,1.333,2.227,14.788,7.875,-3.06,0.518,0.475,0.343,0.188,1.785,7.281,4.435,5.616,1.255,0.825,8.546,24.349,100.276,113.874,-2.455
2011-12,2012-04-25,CLI,KNI,KNI,28.269,5.315,12.864,0.412,3.691,8.478,0.433,1.624,4.386,0.37,2.416,2.871,0.843,0.468,1.771,2.239,0.949,0.694,0.267,1.328,2.224,14.67,7.795,-3.275,0.518,0.476,0.343,0.188,1.763,7.192,4.382,5.548,1.24,0.815,8.686,24.263,100.187,113.997,-2.534
2011-12,2012-04-29,CLI,GRI,GRI,28.223,5.323,12.819,0.414,3.683,8.437,0.435,1.64,4.382,0.375,2.434,2.884,0.846,0.462,1.774,2.236,0.95,0.687,0.275,1.325,2.21,14.721,7.888,-2.904,0.522,0.479,0.344,0.19,1.742,7.205,4.383,5.572,1.225,0.841,8.684,24.24,100.968,114.009,-2.322
2011-12,2012-05-02,CLI,GRI,GRI,28.178,5.307,12.751,0.416,3.651,8.386,0.434,1.657,4.365,0.379,2.406,2.851,0.846,0.457,1.753,2.21,0.939,0.678,0.272,1.321,2.231,14.678,7.856,-3.011,0.524,0.481,0.344,0.188,1.721,7.119,4.331,5.505,1.21,0.831,8.73,24.15,101.313,114.199,-2.295
2011-12,2012-05-05,CLI,GRI,CLI,28.057,5.281,12.661,0.417,3.632,8.311,0.435,1.649,4.349,0.379,2.378,2.817,0.846,0.452,1.756,2.208,0.928,0.682,0.269,1.317,2.24,14.588,7.812,-2.895,0.524,0.482,0.346,0.188,1.701,7.212,4.364,5.441,1.231,0.821,8.823,24.056,101.357,113.986,-2.25
2011-12,2012-05-07,CLI,GRI,CLI,27.953,5.231,12.562,0.416,3.591,8.228,0.434,1.642,4.334,0.379,2.374,2.808,0.847,0.447,1.735,2.182,0.917,0.674,0.278,1.303,2.237,14.478,7.751,-2.793,0.524,0.482,0.348,0.188,1.681,7.128,4.314,5.377,1.217,0.858,8.721,23.931,101.527,114.032,-2.254
2011-12,2012-05-09,CLI,GRI,GRI,27.776,5.172,12.464,0.414,3.55,8.168,0.433,1.623,4.296,0.378,2.347,2.777,0.848,0.442,1.728,2.169,0.907,0.667,0.286,1.299,2.223,14.314,7.627,-2.704,0.522,0.479,0.347,0.188,1.662,7.166,4.323,5.315,1.203,0.916,8.85,23.891,100.36,113.974,-2.437
2011-12,2012-05-11,CLI,GRI,CLI,27.648,5.125,12.37,0.413,3.521,8.099,0.433,1.605,4.271,0.375,2.32,2.745,0.848,0.436,1.708,2.145,0.896,0.681,0.283,1.284,2.209,14.176,7.555,-2.651,0.521,0.478,0.348,0.187,1.643,7.085,4.274,5.255,1.266,0.906,8.75,23.755,99.844,113.826,-2.468
2011-12,2012-05-13,CLI,GRI,GRI,27.569,5.102,12.321,0.413,3.493,8.065,0.431,1.609,4.256,0.378,2.35,2.781,0.847,0.443,1.7,2.143,0.898,0.673,0.28,1.292,2.229,14.163,7.541,-2.478,0.522,0.478,0.348,0.19,1.683,7.064,4.284,5.31,1.251,0.895,8.829,23.809,100.015,113.582,-2.386
2011-12,2012-05-15,CLI,SPU,SPU,27.484,5.09,12.262,0.414,3.466,8.02,0.429,1.624,4.243,0.383,2.346,2.784,0.845,0.438,1.692,2.13,0.888,0.666,0.277,1.278,2.205,14.15,7.564,-2.407,0.524,0.481,0.348,0.191,1.665,7.059,4.27,5.252,1.237,0.885,8.73,23.76,100.581,113.709,-2.268
2011-12,2012-05-17,CLI,SPU,SPU,27.381,5.056,12.184,0.414,3.428,7.954,0.428,1.628,4.229,0.385,2.353,2.786,0.847,0.433,1.696,2.129,0.889,0.659,0.274,1.264,2.191,14.095,7.56,-2.338,0.525,0.481,0.35,0.193,1.646,7.154,4.311,5.308,1.224,0.875,8.634,23.702,101.113,113.833,-2.174
2011-12,2012-05-19,CLI,SPU,CLI,27.275,5.045,12.16,0.414,3.423,7.923,0.43,1.622,4.237,0.382,2.328,2.756,0.847,0.428,1.699,2.127,0.879,0.652,0.281,1.251,2.19,14.04,7.522,-2.388,0.524,0.481,0.351,0.191,1.628,7.221,4.335,5.251,1.21,0.921,8.541,23.743,100.982,113.78,-2.171
2011-12,2012-05-20,CLI,SPU,CLI,27.093,5.002,12.074,0.413,3.387,7.849,0.429,1.615,4.225,0.382,2.303,2.727,0.847,0.424,1.681,2.105,0.87,0.645,0.278,1.248,2.177,13.922,7.434,-2.415,0.524,0.481,0.353,0.19,1.611,7.144,4.288,5.194,1.197,0.912,8.664,23.737,100.552,113.89,-2.306
2012-13,2012-10-31,76E,NUG,76E,25.277,4.511,11.167,0.402,2.944,7.041,0.416,1.569,4.126,0.379,2.107,2.454,0.863,0.411,1.526,1.937,0.759,0.629,0.27,1.182,2.072,12.698,6.631,-1.97,0.517,0.472,0.368,0.19,1.633,7.27,4.359,4.692,1.311,0.93,8.986,23.72,99.376,111.95,-2.289
2012-13,2012-11-04,76E,KNI,KNI,25.233,4.39,11.03,0.392,2.855,6.978,0.403,1.535,4.052,0.377,2.026,2.358,0.869,0.393,1.54,1.932,0.725,0.608,0.258,1.166,2.069,12.341,6.282,-2.805,0.505,0.461,0.365,0.18,1.559,7.29,4.334,4.479,1.252,0.888,8.991,23.387,97.177,112.179,-2.821
2012-13,2012-11-05,76E,KNI,76E,25.257,4.347,11.109,0.387,2.807,6.983,0.396,1.541,4.126,0.371,2.01,2.328,0.875,0.376,1.523,1.899,0.726,0.585,0.247,1.188,1.99,12.246,6.084,-3.103,0.5,0.456,0.372,0.179,1.491,7.138,4.219,4.61,1.197,0.85,9.087,23.544,96.387,112.954,-3.094
2012-13,2012-11-07,76E,NHO,NHO,24.983,4.218,10.95,0.378,2.734,6.803,0.394,1.485,4.148,0.355,1.935,2.239,0.88,0.36,1.472,1.832,0.731,0.596,0.237,1.18,1.913,11.857,5.779,-2.999,0.488,0.446,0.382,0.173,1.429,6.841,4.043,4.756,1.273,0.814,9.229,23.422,93.746,111.414,-3.373
2012-13,2012-11-09,76E,CEL,CEL,24.717,4.196,10.867,0.38,2.699,6.761,0.391,1.498,4.106,0.362,1.863,2.155,0.885,0.346,1.455,1.801,0.738,0.608,0.227,1.206,1.941,11.753,5.688,-2.902,0.489,0.449,0.38,0.166,1.372,6.855,4.034,4.926,1.334,0.782,9.588,23.565,93.556,111.278,-3.45
2012-13,2012-11-10,76E,RAP,RAP,24.938,4.278,10.89,0.39,2.801,6.791,0.41,1.478,4.099,0.358,1.828,2.142,0.851,0.332,1.471,1.804,0.712,0.587,0.251,1.166,1.971,11.863,5.808,-2.004,0.496,0.457,0.378,0.163,1.319,6.853,4.021,4.736,1.282,0.859,9.219,23.401,94.689,110.844,-3.321
2012-13,2012-11-12,76E,BUC,76E,24.883,4.199,10.722,0.388,2.739,6.726,0.404,1.461,3.996,0.362,1.828,2.131,0.861,0.32,1.455,1.775,0.817,0.632,0.243,1.128,1.936,11.686,5.873,-1.875,0.496,0.456,0.373,0.166,1.27,6.825,3.968,5.468,1.379,0.827,8.878,23.015,95.589,110.516,-3.069
2012-13,2012-11-14,76E,PIS,76E,24.837,4.124,10.659,0.382,2.712,6.697,0.401,1.413,3.961,0.351,1.925,2.25,0.856,0.309,1.503,1.812,0.855,0.644,0.266,1.091,1.903,11.585,5.888,-1.974,0.492,0.448,0.372,0.179,1.225,7.135,4.055,5.959,1.412,0.905,8.561,23.011,95.389,110.284,-2.949
2012-13,2012-11-16,76E,JAZ,76E,24.69,4.084,10.476,0.385,2.656,6.547,0.401,1.429,3.929,0.36,1.988,2.301,0.866,0.298,1.457,1.754,0.86,0.655,0.258,1.056,1.873,11.585,6.038,-1.665,0.5,0.453,0.376,0.19,1.183,6.889,3.915,5.998,1.456,0.874,8.266,22.756,98.617,110.239,-2.447
2012-13,2012-11-18,76E,CAV,76E,24.41,4.108,10.333,0.395,2.664,6.465,0.41,1.445,3.868,0.372,1.956,2.291,0.854,0.288,1.412,1.7,0.834,0.635,0.25,1.053,1.845,11.617,6.123,-1.461,0.51,0.465,0.375,0.19,1.143,6.659,3.785,5.798,1.408,0.845,8.413,22.827,99.863,110.165,-2.022
2012-13,2012-11-20,76E,RAP,76E,24.542,4.19,10.406,0.402,2.701,6.418,0.421,1.49,3.988,0.372,2.075,2.399,0.866,0.308,1.429,1.737,0.928,0.617,0.272,1.021,1.847,11.946,6.55,-1.268,0.522,0.474,0.386,0.202,1.226,6.686,3.84,6.356,1.363,0.898,8.142,22.91,101.706,110.256,-1.547
2012-13,2012-11-21,76E,CAV,CAV,24.739,4.183,10.476,0.398,2.737,6.546,0.418,1.447,3.93,0.366,2.159,2.503,0.863,0.328,1.503,1.83,0.902,0.656,0.293,0.991,1.793,11.971,6.639,-1.286,0.517,0.467,0.376,0.21,1.281,6.918,3.973,6.157,1.426,0.945,7.888,22.916,101.434,110.03,-1.574
2012-13,2012-11-24,76E,THU,76E,24.743,4.176,10.459,0.398,2.744,6.556,0.418,1.433,3.902,0.365,2.098,2.432,0.863,0.346,1.544,1.891,0.961,0.638,0.313,0.962,1.769,11.884,6.666,-1.05,0.515,0.467,0.374,0.203,1.421,7.1,4.153,6.498,1.383,1.013,7.649,22.785,101.876,110.422,-1.49
2012-13,2012-11-25,76E,SUN,76E,24.402,4.088,10.278,0.396,2.667,6.429,0.414,1.421,3.849,0.367,2.041,2.365,0.864,0.364,1.502,1.866,0.935,0.621,0.304,0.962,1.719,11.636,6.491,-1.101,0.513,0.465,0.375,0.201,1.676,6.891,4.183,6.307,1.342,0.984,8.012,22.686,100.968,110.645,-1.796
2012-13,2012-11-27,76E,MAV,76E,24.302,4.003,10.134,0.393,2.621,6.335,0.412,1.382,3.799,0.36,1.985,2.301,0.864,0.354,1.489,1.843,0.965,0.604,0.296,1.043,1.699,11.374,6.214,-1.016,0.508,0.461,0.376,0.198,1.628,6.876,4.15,6.53,1.304,0.956,9.051,22.595,99.083,110.741,-2.302
2012-13,2012-11-30,76E,BOB,BOB,24.2,3.976,10.023,0.394,2.605,6.272,0.414,1.372,3.751,0.363,1.986,2.293,0.868,0.344,1.476,1.82,0.992,0.614,0.315,1.042,1.653,11.308,6.27,-1.144,0.511,0.463,0.375,0.2,1.583,6.852,4.115,6.699,1.343,1.026,9.153,22.476,99.858,110.832,-2.124
2012-13,2012-12-10,76E,PIS,76E,24.037,3.898,9.815,0.395,2.563,6.161,0.415,1.336,3.654,0.362,1.96,2.285,0.858,0.336,1.464,1.799,0.992,0.599,0.307,1.066,1.661,11.093,6.103,-1.19,0.511,0.463,0.373,0.203,1.54,6.824,4.088,6.693,1.306,0.999,10.013,22.211,99.024,110.972,-2.431
2012-13,2012-12-12,76E,BUL,76E,24.125,3.9,9.817,0.395,2.598,6.206,0.419,1.302,3.612,0.355,1.961,2.277,0.862,0.327,1.452,1.779,0.968,0.583,0.299,1.039,1.719,11.062,6.033,-1.309,0.51,0.461,0.367,0.203,1.5,6.76,4.035,6.517,1.272,0.972,9.75,22.082,99.208,111.077,-2.573
2012-13,2012-12-14,76E,PAC,PAC,24.441,3.901,9.917,0.391,2.631,6.345,0.414,1.27,3.572,0.349,1.913,2.222,0.862,0.319,1.441,1.76,1.066,0.569,0.292,1.062,1.725,10.985,5.904,-1.666,0.501,0.454,0.358,0.194,1.462,6.666,3.97,6.903,1.239,0.947,9.821,22.044,98.331,111.152,-2.766
2012-13,2012-12-16,76E,LAK,76E,24.836,4.093,10.226,0.4,2.711,6.455,0.42,1.382,3.771,0.364,1.866,2.192,0.851,0.406,1.406,1.813,1.089,0.58,0.285,1.036,1.707,11.435,6.312,-1.84,0.51,0.466,0.368,0.182,1.718,6.5,4.021,6.948,1.241,0.924,9.575,22.146,99.297,111.549,-2.516
2012-13,2012-12-18,76E,MAV,MAV,24.81,4.067,10.126,0.401,2.694,6.373,0.423,1.373,3.753,0.364,1.846,2.164,0.853,0.397,1.373,1.771,1.064,0.566,0.278,1.036,1.69,11.353,6.248,-2.007,0.511,0.468,0.371,0.181,1.676,6.341,3.923,6.779,1.211,0.901,9.669,21.952,99.534,111.925,-2.643
2012-13,2012-12-19,76E,ROC,ROC,25.034,4.156,10.304,0.403,2.769,6.546,0.423,1.387,3.758,0.367,1.872,2.228,0.838,0.411,1.41,1.821,1.131,0.576,0.294,1.012,1.697,11.571,6.472,-2.212,0.512,0.47,0.364,0.181,1.705,6.5,3.994,7.073,1.218,0.949,9.438,22.032,100.021,112.451,-2.494
2012-13,2012-12-21,76E,HAW,76E,24.689,4.085,10.163,0.401,2.729,6.467,0.422,1.356,3.696,0.365,1.83,2.178,0.838,0.402,1.379,1.78,1.106,0.563,0.288,1.011,1.658,11.356,6.296,-2.297,0.509,0.468,0.363,0.179,1.665,6.348,3.901,6.908,1.189,0.927,9.684,22.096,98.765,112.324,-2.995
2012-13,2012-12-23,76E,NET,NET,24.416,4.039,10.027,0.402,2.691,6.39,0.422,1.348,3.637,0.369,1.79,2.13,0.837,0.393,1.392,1.785,1.082,0.55,0.282,1.011,1.622,11.216,6.215,-2.356,0.511,0.469,0.362,0.177,1.627,6.59,4.006,6.751,1.162,0.906,9.918,22.032,98.725,112.362,-2.985
2012-13,2012-12-26,76E,GRI,GRI,24.335,4.059,9.962,0.408,2.719,6.339,0.43,1.34,3.623,0.368,1.773,2.106,0.839,0.384,1.448,1.832,1.102,0.539,0.276,0.989,1.608,11.232,6.324,-2.113,0.516,0.475,0.363,0.176,1.591,6.902,4.192,7.008,1.136,0.885,9.698,21.938,100.264,112.176,-2.748
2012-13,2012-12-28,76E,WAR,WAR,24.361,4.079,10.108,0.403,2.724,6.415,0.425,1.354,3.693,0.365,1.756,2.104,0.831,0.418,1.459,1.878,1.142,0.527,0.27,0.968,1.595,11.268,6.325,-2.028,0.51,0.47,0.365,0.172,1.713,6.941,4.273,7.334,1.112,0.866,9.487,22.149,99.911,112.086,-2.775
2012-13,2012-12-29,76E,BLA,BLA,24.345,4.077,10.085,0.404,2.71,6.385,0.425,1.368,3.699,0.368,1.72,2.06,0.831,0.41,1.45,1.86,1.119,0.537,0.285,0.948,1.562,11.24,6.344,-2.027,0.51,0.471,0.367,0.168,1.677,6.91,4.233,7.177,1.137,0.929,9.285,22.054,100.275,111.829,-2.599
2012-13,2013-01-01,76E,LAK,LAK,24.137,3.994,9.941,0.401,2.655,6.297,0.422,1.34,3.644,0.366,1.705,2.059,0.823,0.401,1.521,1.923,1.117,0.526,0.279,0.969,1.55,11.034,6.182,-1.946,0.507,0.468,0.366,0.169,1.642,7.37,4.49,7.201,1.113,0.909,9.8,21.994,98.748,111.561,-2.939
2012-13,2013-01-02,76E,SUN,SUN,24.053,3.974,9.883,0.401,2.622,6.251,0.419,1.353,3.631,0.372,1.751,2.097,0.832,0.394,1.491,1.884,1.114,0.536,0.274,0.97,1.52,11.051,6.238,-1.868,0.511,0.47,0.367,0.176,1.608,7.22,4.399,7.219,1.143,0.891,9.808,22.0,99.366,111.427,-2.726
2012-13,2013-01-04,76E,THU,THU,24.129,3.994,9.923,0.402,2.571,6.226,0.412,1.423,3.697,0.385,1.833,2.211,0.826,0.405,1.52,1.925,1.113,0.544,0.268,1.009,1.529,11.243,6.374,-2.103,0.516,0.474,0.373,0.184,1.646,7.346,4.469,7.209,1.157,0.873,9.936,22.151,99.658,111.539,-2.505
2012-13,2013-01-05,76E,SPU,SPU,24.123,3.993,9.943,0.401,2.598,6.278,0.413,1.396,3.664,0.381,1.836,2.207,0.829,0.436,1.511,1.946,1.091,0.553,0.263,1.009,1.518,11.219,6.351,-2.196,0.513,0.472,0.368,0.184,1.782,7.292,4.511,7.067,1.173,0.855,9.894,22.191,99.351,111.567,-2.558
2012-13,2013-01-08,76E,NET,76E,24.085,3.994,9.924,0.402,2.605,6.292,0.414,1.388,3.632,0.382,1.838,2.203,0.833,0.427,1.501,1.928,1.09,0.561,0.258,1.009,1.49,11.214,6.369,-2.099,0.514,0.472,0.366,0.185,1.748,7.255,4.474,7.074,1.197,0.839,9.881,22.235,99.402,111.768,-2.524
2012-13,2013-01-09,76E,RAP,RAP,23.88,3.938,9.797,0.401,2.576,6.213,0.414,1.363,3.584,0.38,1.805,2.162,0.832,0.42,1.528,1.948,1.07,0.551,0.272,1.027,1.481,11.045,6.243,-2.116,0.513,0.471,0.365,0.184,1.715,7.672,4.642,6.941,1.174,0.925,10.449,22.183,98.243,111.565,-2.709
2012-13,2013-01-12,76E,ROC,76E,23.45,3.867,9.62,0.401,2.53,6.101,0.414,1.338,3.52,0.38,1.772,2.123,0.832,0.412,1.501,1.913,1.051,0.541,0.267,1.008,1.454,10.845,6.13,-2.078,0.513,0.471,0.365,0.184,1.715,7.681,4.647,6.963,1.173,0.925,10.465,22.167,98.224,111.545,-2.712
2012-13,2013-01-15,76E,NHO,76E,23.247,3.905,9.609,0.406,2.555,6.081,0.421,1.35,3.528,0.383,1.741,2.103,0.824,0.405,1.492,1.897,1.05,0.531,0.262,1.008,1.445,10.9,6.186,-1.935,0.517,0.477,0.367,0.18,1.683,7.739,4.654,7.332,1.152,0.908,10.449,22.53,98.595,111.872,-2.444
2012-13,2013-01-18,76E,RAP,76E,23.351,3.906,9.633,0.406,2.563,6.079,0.422,1.344,3.553,0.378,1.71,2.067,0.824,0.397,1.536,1.933,1.049,0.522,0.258,0.99,1.42,10.867,6.162,-1.676,0.515,0.475,0.369,0.176,1.652,7.936,4.732,7.279,1.13,0.891,10.257,22.454,98.419,111.801,-2.526
2012-13,2013-01-21,76E,SPU,76E,23.476,3.908,9.638,0.405,2.57,6.077,0.423,1.338,3.56,0.375,1.732,2.082,0.829,0.39,1.561,1.951,1.048,0.513,0.253,0.99,1.464,10.885,6.152,-1.51,0.515,0.475,0.369,0.179,1.622,7.986,4.742,7.239,1.11,0.874,10.217,22.381,98.43,111.57,-2.556
2012-13,2013-01-22,76E,BUC,BUC,23.626,3.976,9.745,0.408,2.628,6.16,0.427,1.349,3.585,0.376,1.737,2.081,0.832,0.401,1.568,1.969,1.081,0.505,0.249,1.007,1.506,11.038,6.247,-1.401,0.517,0.477,0.367,0.178,1.652,7.979,4.751,7.371,1.091,0.859,10.224,22.409,98.848,111.791,-2.522
2012-13,2013-01-26,76E,KNI,76E,23.915,3.993,9.781,0.408,2.617,6.14,0.427,1.376,3.641,0.378,1.824,2.179,0.836,0.394,1.608,2.003,1.129,0.513,0.245,0.991,1.514,11.186,6.431,-1.163,0.521,0.479,0.373,0.186,1.623,8.02,4.769,7.494,1.094,0.844,10.046,22.348,99.529,111.482,-2.327
2012-13,2013-01-28,76E,GRI,76E,24.063,4.009,9.833,0.408,2.624,6.187,0.425,1.386,3.646,0.38,1.81,2.16,0.837,0.388,1.615,2.002,1.128,0.52,0.257,0.991,1.489,11.215,6.455,-1.209,0.52,0.479,0.371,0.184,1.596,8.049,4.765,7.43,1.104,0.871,9.992,22.339,99.4,111.594,-2.357
2012-13,2013-01-30,76E,WIZ,76E,24.247,4.057,9.947,0.408,2.645,6.264,0.423,1.412,3.684,0.384,1.797,2.157,0.831,0.398,1.637,2.034,1.173,0.544,0.253,0.991,1.513,11.323,6.555,-1.189,0.52,0.479,0.37,0.18,1.616,8.083,4.787,7.602,1.135,0.857,9.913,22.358,99.461,111.265,-2.25
2012-13,2013-02-01,76E,KIN,76E,24.4,4.088,9.98,0.41,2.683,6.275,0.428,1.405,3.705,0.379,1.879,2.233,0.84,0.391,1.674,2.065,1.155,0.552,0.265,1.007,1.521,11.459,6.674,-1.281,0.523,0.48,0.371,0.188,1.589,8.148,4.822,7.476,1.141,0.875,9.942,22.379,99.833,110.881,-2.135
2012-13,2013-02-04,76E,MAG,76E,24.585,4.132,10.057,0.411,2.734,6.302,0.435,1.399,3.756,0.372,1.85,2.198,0.84,0.401,1.726,2.127,1.168,0.605,0.292,1.022,1.528,11.514,6.78,-0.966,0.523,0.481,0.373,0.184,1.614,8.235,4.883,7.515,1.225,0.924,9.972,22.412,99.641,110.103,-1.99
2012-13,2013-02-06,76E,PAC,76E,24.817,4.131,10.086,0.41,2.753,6.358,0.434,1.378,3.729,0.369,1.837,2.18,0.842,0.425,1.745,2.171,1.196,0.611,0.287,1.006,1.551,11.475,6.774,-1.257,0.519,0.478,0.369,0.182,1.66,8.216,4.898,7.615,1.227,0.91,9.812,22.278,99.535,110.086,-2.02
2012-13,2013-02-09,76E,BOB,76E,24.725,4.098,10.055,0.408,2.742,6.307,0.436,1.357,3.748,0.361,1.824,2.177,0.837,0.419,1.749,2.168,1.194,0.602,0.283,0.991,1.588,11.378,6.664,-1.027,0.517,0.475,0.373,0.181,1.634,8.229,4.901,7.613,1.208,0.895,9.658,22.257,99.149,109.787,-2.182
2012-13,2013-02-11,76E,CLI,76E,24.865,4.186,10.173,0.412,2.79,6.377,0.439,1.396,3.796,0.367,1.871,2.234,0.836,0.412,1.753,2.165,1.25,0.637,0.279,1.006,1.593,11.639,6.926,-1.189,0.522,0.48,0.373,0.184,1.608,8.238,4.879,8.015,1.266,0.882,9.645,22.386,99.689,109.93,-1.882
2012-13,2013-02-13,76E,BUC,BUC,24.98,4.183,10.112,0.414,2.779,6.328,0.44,1.405,3.784,0.37,1.902,2.26,0.841,0.421,1.786,2.207,1.247,0.628,0.275,1.006,1.614,11.673,6.997,-1.201,0.526,0.484,0.374,0.188,1.646,8.306,4.941,7.971,1.246,0.868,9.671,22.24,100.685,109.932,-1.792
2012-13,2013-02-20,76E,TIM,TIM,25.077,4.137,10.066,0.411,2.753,6.323,0.436,1.385,3.745,0.369,1.933,2.357,0.819,0.444,1.803,2.247,1.271,0.619,0.271,0.992,1.634,11.591,6.935,-1.313,0.522,0.48,0.372,0.192,1.711,8.355,4.992,8.083,1.227,0.855,9.526,22.144,100.345,109.903,-1.881
2012-13,2013-02-23,76E,HEA,76E,25.194,4.192,10.122,0.414,2.785,6.332,0.441,1.408,3.79,0.371,1.905,2.323,0.819,0.438,1.778,2.215,1.282,0.61,0.281,0.992,1.653,11.696,7.011,-1.536,0.525,0.484,0.375,0.188,1.685,8.232,4.918,8.145,1.209,0.881,9.484,22.155,100.62,110.274,-1.824
2012-13,2013-02-24,76E,KNI,KNI,25.082,4.133,10.036,0.412,2.745,6.271,0.439,1.388,3.766,0.368,1.878,2.291,0.819,0.431,1.781,2.213,1.264,0.616,0.278,0.977,1.658,11.532,6.885,-1.543,0.522,0.481,0.376,0.187,1.661,8.297,4.936,8.026,1.237,0.868,9.346,21.987,99.154,110.227,-1.994
2012-13,2013-02-26,76E,MAG,76E,24.933,4.09,9.981,0.41,2.721,6.226,0.439,1.368,3.755,0.364,1.866,2.273,0.819,0.426,1.77,2.195,1.275,0.607,0.273,0.978,1.663,11.414,6.778,-1.645,0.52,0.479,0.376,0.187,1.637,8.315,4.923,8.246,1.219,0.856,9.404,22.03,98.505,110.267,-2.21
2012-13,2013-02-28,76E,BUL,BUL,24.955,4.047,9.926,0.408,2.684,6.209,0.433,1.363,3.717,0.366,1.868,2.269,0.822,0.433,1.773,2.207,1.298,0.599,0.27,0.965,1.654,11.327,6.743,-1.61,0.519,0.477,0.375,0.188,1.664,8.299,4.93,8.376,1.202,0.843,9.27,21.884,98.54,110.25,-2.21
2012-13,2013-03-13,76E,HEA,76E,24.693,4.006,9.833,0.407,2.648,6.126,0.433,1.358,3.707,0.366,1.843,2.239,0.822,0.428,1.749,2.177,1.281,0.605,0.266,0.965,1.645,11.215,6.664,-1.561,0.519,0.477,0.377,0.187,1.641,8.183,4.861,8.258,1.323,0.832,9.49,22.051,98.142,110.121,-2.222
2012-13,2013-03-16,76E,PAC,76E,24.366,3.953,9.702,0.407,2.613,6.044,0.433,1.34,3.658,0.366,1.818,2.209,0.822,0.422,1.726,2.148,1.263,0.596,0.263,0.953,1.623,11.065,6.575,-1.54,0.519,0.477,0.377,0.187,1.641,8.19,4.865,8.275,1.324,0.831,9.493,22.042,98.133,110.104,-2.222
2012-13,2013-03-18,76E,BLA,76E,24.046,3.902,9.575,0.407,2.579,5.965,0.433,1.323,3.61,0.366,1.795,2.18,0.822,0.417,1.704,2.12,1.247,0.588,0.259,0.94,1.602,10.92,6.49,-1.52,0.519,0.477,0.377,0.187,1.64,8.197,4.868,8.292,1.324,0.83,9.496,22.035,98.124,110.088,-2.221
2012-13,2013-03-20,76E,CLI,CLI,23.85,3.89,9.555,0.407,2.584,5.94,0.436,1.306,3.615,0.36,1.771,2.152,0.821,0.411,1.708,2.118,1.244,0.58,0.256,0.928,1.581,10.857,6.443,-1.604,0.517,0.475,0.379,0.185,1.618,8.511,4.985,8.761,1.306,0.819,9.363,22.314,97.872,110.129,-2.188
2012-13,2013-03-21,76E,NUG,NUG,23.546,3.84,9.432,0.407,2.551,5.863,0.436,1.289,3.569,0.36,1.748,2.124,0.821,0.406,1.685,2.092,1.228,0.574,0.252,0.915,1.561,10.718,6.36,-1.584,0.517,0.475,0.379,0.185,1.617,8.518,4.988,8.779,1.306,0.818,9.365,22.308,97.863,110.114,-2.187
2012-13,2013-03-24,76E,KIN,KIN,23.249,3.792,9.313,0.407,2.519,5.789,0.436,1.273,3.524,0.359,1.726,2.097,0.821,0.401,1.665,2.065,1.213,0.566,0.249,0.904,1.541,10.583,6.28,-1.564,0.517,0.475,0.379,0.185,1.617,8.526,4.992,8.796,1.306,0.817,9.367,22.302,97.853,110.099,-2.186
2012-13,2013-03-25,76E,JAZ,JAZ,22.96,3.744,9.198,0.407,2.488,5.717,0.436,1.257,3.48,0.359,1.705,2.071,0.821,0.395,1.644,2.04,1.197,0.559,0.246,0.893,1.522,10.451,6.202,-1.544,0.517,0.475,0.379,0.185,1.616,8.533,4.995,8.813,1.306,0.816,9.369,22.296,97.844,110.085,-2.186
2012-13,2013-03-27,76E,BUC,76E,22.676,3.698,9.084,0.407,2.457,5.647,0.436,1.242,3.437,0.359,1.684,2.045,0.821,0.391,1.624,2.014,1.182,0.552,0.244,0.882,1.503,10.322,6.126,-1.525,0.517,0.475,0.379,0.185,1.616,8.54,4.999,8.829,1.307,0.816,9.37,22.29,97.835,110.071,-2.185
2012-13,2013-03-29,76E,CAV,CAV,22.401,3.654,8.973,0.407,2.427,5.578,0.437,1.227,3.395,0.359,1.663,2.021,0.821,0.386,1.604,1.99,1.168,0.545,0.24,0.871,1.485,10.197,6.052,-1.506,0.517,0.475,0.379,0.185,1.616,8.547,5.002,8.845,1.307,0.815,9.372,22.285,97.827,110.057,-2.184
2012-13,2013-03-30,76E,BOB,76E,22.132,3.61,8.866,0.407,2.398,5.511,0.437,1.211,3.354,0.359,1.643,1.996,0.82,0.381,1.584,1.966,1.155,0.539,0.237,0.861,1.467,10.074,5.979,-1.488,0.517,0.475,0.379,0.185,1.615,8.554,5.005,8.861,1.307,0.814,9.373,22.279,97.818,110.044,-2.183
2012-13,2013-04-03,76E,BOB,BOB,21.87,3.567,8.761,0.407,2.369,5.446,0.437,1.197,3.315,0.359,1.624,1.973,0.82,0.377,1.566,1.943,1.141,0.533,0.235,0.85,1.45,9.954,5.908,-1.47,0.517,0.475,0.379,0.185,1.615,8.561,5.008,8.876,1.308,0.814,9.375,22.274,97.81,110.031,-2.182
2012-13,2013-04-05,76E,HAW,HAW,21.773,3.548,8.74,0.406,2.342,5.417,0.434,1.207,3.323,0.361,1.629,1.973,0.822,0.373,1.559,1.932,1.139,0.538,0.231,0.852,1.432,9.931,5.896,-1.465,0.517,0.475,0.381,0.186,1.592,8.554,4.992,8.913,1.344,0.803,9.402,22.394,97.8,109.878,-2.13
2012-13,2013-04-06,76E,HEA,HEA,21.763,3.542,8.707,0.407,2.349,5.389,0.438,1.193,3.319,0.357,1.656,1.996,0.827,0.368,1.541,1.909,1.126,0.532,0.229,0.842,1.427,9.932,5.904,-1.459,0.518,0.475,0.382,0.19,1.57,8.434,4.922,8.787,1.326,0.792,9.271,22.331,98.388,110.201,-2.118
2012-13,2013-04-09,76E,NET,NET,21.756,3.581,8.723,0.411,2.379,5.419,0.441,1.202,3.304,0.362,1.659,1.997,0.829,0.364,1.546,1.911,1.125,0.548,0.226,0.832,1.422,10.024,6.028,-1.328,0.522,0.48,0.38,0.19,1.548,8.442,4.916,8.883,1.38,0.781,9.144,22.378,99.206,110.242,-1.79
2012-13,2013-04-10,76E,HAW,76E,21.809,3.608,8.725,0.414,2.386,5.402,0.445,1.222,3.323,0.366,1.686,2.03,0.828,0.371,1.552,1.923,1.134,0.543,0.224,0.835,1.429,10.125,6.136,-1.392,0.527,0.484,0.382,0.194,1.58,8.457,4.936,8.949,1.361,0.771,9.131,22.343,99.987,110.511,-1.646
2012-13,2013-04-12,76E,WIZ,WIZ,21.663,3.568,8.661,0.413,2.359,5.353,0.443,1.209,3.308,0.364,1.667,2.008,0.828,0.367,1.534,1.901,1.122,0.548,0.221,0.825,1.435,10.012,6.046,-1.444,0.525,0.482,0.383,0.193,1.56,8.343,4.869,8.827,1.418,0.761,9.009,22.246,98.655,110.199,-1.875
2012-13,2013-04-14,76E,CAV,76E,21.423,3.529,8.565,0.413,2.334,5.294,0.443,1.195,3.272,0.364,1.649,1.986,0.828,0.363,1.517,1.88,1.109,0.541,0.219,0.816,1.419,9.901,5.979,-1.428,0.525,0.482,0.383,0.193,1.559,8.348,4.871,8.84,1.418,0.76,9.009,22.241,98.651,110.189,-1.873
2012-13,2013-04-15,76E,PIS,PIS,21.188,3.49,8.471,0.413,2.308,5.236,0.443,1.182,3.236,0.364,1.631,1.964,0.828,0.359,1.501,1.859,1.097,0.535,0.216,0.807,1.404,9.792,5.914,-1.413,0.525,0.482,0.383,0.193,1.559,8.353,4.874,8.852,1.419,0.759,9.009,22.237,98.647,110.179,-1.872
2012-13,2013-04-17,76E,PAC,PAC,21.024,3.452,8.401,0.411,2.283,5.189,0.443,1.169,3.212,0.362,1.613,1.943,0.828,0.355,1.484,1.84,1.086,0.53,0.214,0.809,1.389,9.686,5.823,-1.462,0.524,0.481,0.383,0.193,1.538,8.242,4.809,8.733,1.4,0.749,9.331,22.236,97.343,110.204,-2.232
2013-14,2013-10-29,LAK,CLI,LAK,19.194,3.034,7.408,0.408,2.018,4.534,0.443,1.016,2.873,0.352,1.531,1.884,0.817,0.317,1.426,1.744,1.111,0.5,0.185,0.709,1.135,8.616,5.399,-1.365,0.523,0.476,0.388,0.213,1.417,8.456,4.858,9.338,1.482,0.652,9.596,22.099,96.629,109.148,-2.298
2013-14,2013-10-30,LAK,WAR,WAR,19.086,2.98,7.419,0.399,1.972,4.586,0.429,1.008,2.834,0.355,1.538,1.889,0.816,0.303,1.429,1.733,1.091,0.485,0.176,0.692,1.212,8.505,5.199,-1.818,0.515,0.467,0.381,0.21,1.353,8.672,4.892,9.282,1.415,0.623,9.16,22.008,95.509,109.914,-2.744
2013-14,2013-11-01,LAK,SPU,LAK,18.984,2.901,7.263,0.395,1.93,4.531,0.423,0.971,2.732,0.354,1.627,2.003,0.816,0.29,1.41,1.701,1.047,0.5,0.234,0.701,1.308,8.4,5.124,-1.974,0.514,0.461,0.372,0.234,1.294,8.53,4.801,8.878,1.475,0.917,9.462,21.751,95.748,109.048,-2.594
2013-14,2013-11-03,LAK,HAW,LAK,19.01,2.959,7.307,0.403,1.991,4.542,0.438,0.968,2.764,0.348,1.648,2.015,0.819,0.278,1.493,1.772,1.139,0.483,0.228,0.678,1.272,8.535,5.353,-1.878,0.521,0.469,0.376,0.232,1.24,8.849,4.968,9.962,1.413,0.879,9.067,21.691,97.467,108.838,-2.094
2013-14,2013-11-05,LAK,MAV,MAV,19.257,3.122,7.456,0.419,2.155,4.722,0.456,0.967,2.734,0.352,1.733,2.189,0.804,0.266,1.478,1.745,1.134,0.567,0.222,0.755,1.3,8.944,5.662,-2.033,0.531,0.483,0.365,0.234,1.19,8.691,4.853,9.852,1.573,0.844,9.369,21.983,98.008,109.284,-1.862
2013-14,2013-11-07,LAK,ROC,ROC,19.339,3.118,7.505,0.415,2.152,4.701,0.458,0.966,2.804,0.342,1.814,2.258,0.81,0.322,1.495,1.818,1.161,0.615,0.215,0.798,1.359,9.017,5.745,-1.619,0.53,0.479,0.373,0.242,1.487,8.757,5.035,10.042,1.67,0.811,9.612,22.011,98.2,108.581,-1.633
2013-14,2013-11-08,LAK,PEL,PEL,19.63,3.179,7.618,0.417,2.213,4.809,0.459,0.966,2.809,0.342,1.825,2.257,0.813,0.344,1.512,1.856,1.124,0.597,0.209,0.871,1.513,9.151,5.666,-2.122,0.531,0.48,0.369,0.238,1.554,8.699,5.041,9.67,1.608,0.781,10.004,22.077,97.785,108.596,-1.884
2013-14,2013-11-10,LAK,TIM,LAK,19.629,3.174,7.663,0.414,2.24,4.849,0.461,0.935,2.814,0.33,1.835,2.254,0.816,0.365,1.559,1.925,1.088,0.579,0.202,0.845,1.532,9.119,5.605,-2.698,0.527,0.475,0.368,0.238,1.652,9.013,5.215,9.325,1.551,0.754,9.647,22.021,97.65,108.789,-2.113
2013-14,2013-11-12,LAK,PEL,LAK,19.744,3.294,7.768,0.423,2.358,4.98,0.47,0.936,2.788,0.333,1.843,2.25,0.819,0.354,1.512,1.866,1.084,0.562,0.196,0.82,1.55,9.367,5.804,-2.192,0.534,0.484,0.36,0.235,1.595,8.703,5.035,9.241,1.497,0.728,9.315,22.048,99.352,108.624,-1.974
2013-14,2013-11-13,LAK,NUG,NUG,19.948,3.316,7.897,0.419,2.349,5.013,0.466,0.967,2.884,0.335,1.82,2.216,0.821,0.434,1.527,1.962,1.081,0.545,0.19,0.826,1.566,9.421,5.806,-2.525,0.53,0.481,0.367,0.228,1.879,8.633,5.144,9.137,1.447,0.703,9.251,21.993,99.473,109.07,-2.025
2013-14,2013-11-15,LAK,GRI,LAK,20.333,3.426,8.08,0.423,2.429,5.163,0.467,0.998,2.917,0.342,1.828,2.3,0.802,0.422,1.511,1.934,1.078,0.559,0.184,0.803,1.522,9.678,5.985,-2.279,0.531,0.485,0.364,0.223,1.818,8.457,5.03,9.032,1.452,0.681,8.952,22.08,99.619,108.939,-1.889
2013-14,2013-11-17,LAK,PIS,LAK,20.518,3.531,8.224,0.427,2.505,5.247,0.473,1.026,2.977,0.345,1.863,2.323,0.807,0.41,1.468,1.879,1.047,0.572,0.179,0.78,1.479,9.951,6.209,-1.843,0.536,0.49,0.365,0.222,1.761,8.193,4.873,8.75,1.466,0.66,8.672,22.14,100.631,109.034,-1.764
2013-14,2013-11-22,LAK,WAR,LAK,20.823,3.63,8.418,0.429,2.548,5.327,0.473,1.082,3.09,0.35,1.925,2.4,0.807,0.399,1.455,1.854,1.017,0.613,0.174,0.758,1.523,10.267,6.431,-1.455,0.539,0.493,0.37,0.224,1.708,8.048,4.779,8.485,1.522,0.639,8.41,22.242,101.279,108.882,-1.584
2013-14,2013-11-24,LAK,KIN,LAK,21.041,3.614,8.491,0.424,2.535,5.375,0.468,1.079,3.116,0.347,1.873,2.336,0.806,0.415,1.442,1.858,1.043,0.624,0.196,0.738,1.538,10.182,6.361,-1.004,0.533,0.488,0.37,0.217,1.769,7.929,4.754,8.518,1.53,0.703,8.162,22.111,100.682,108.474,-1.678
2013-14,2013-11-26,LAK,WIZ,WIZ,21.033,3.68,8.587,0.426,2.575,5.447,0.469,1.105,3.14,0.352,1.878,2.382,0.796,0.405,1.457,1.863,1.095,0.634,0.191,0.718,1.578,10.341,6.506,-0.949,0.535,0.491,0.369,0.215,1.719,8.082,4.792,8.937,1.558,0.683,7.929,22.354,101.349,108.86,-1.53
2013-14,2013-11-27,LAK,NET,NET,21.343,3.794,8.784,0.429,2.613,5.568,0.466,1.18,3.215,0.366,1.986,2.478,0.806,0.42,1.419,1.84,1.093,0.644,0.212,0.726,1.668,10.754,6.812,-0.793,0.541,0.496,0.369,0.222,1.763,7.858,4.703,8.872,1.559,0.741,7.851,22.496,102.339,108.836,-1.232
2013-14,2013-11-29,LAK,PIS,PIS,21.512,3.775,8.868,0.424,2.624,5.683,0.46,1.15,3.185,0.361,2.09,2.595,0.809,0.41,1.408,1.818,1.116,0.679,0.207,0.733,1.677,10.79,6.801,-0.517,0.537,0.489,0.363,0.229,1.715,7.729,4.622,8.935,1.611,0.722,7.806,22.567,102.005,108.786,-1.426
2013-14,2013-12-01,LAK,BLA,LAK,21.534,3.856,8.998,0.426,2.709,5.817,0.463,1.147,3.181,0.36,2.088,2.581,0.812,0.4,1.448,1.848,1.138,0.712,0.202,0.764,1.662,10.948,6.93,-0.602,0.538,0.491,0.359,0.226,1.67,7.889,4.685,9.155,1.688,0.703,7.911,22.876,101.979,108.924,-1.338
2013-14,2013-12-06,LAK,KIN,KIN,21.765,3.909,9.171,0.424,2.791,5.921,0.467,1.119,3.25,0.345,2.087,2.617,0.803,0.39,1.486,1.876,1.183,0.719,0.221,0.77,1.719,11.025,6.922,-0.294,0.533,0.486,0.359,0.222,1.627,7.958,4.703,9.297,1.688,0.746,7.844,22.994,101.595,109.002,-1.538
2013-14,2013-12-08,LAK,RAP,LAK,21.962,3.984,9.336,0.424,2.844,5.996,0.47,1.14,3.339,0.343,2.11,2.627,0.807,0.381,1.522,1.903,1.227,0.702,0.24,0.776,1.727,11.218,7.056,-0.261,0.533,0.487,0.362,0.221,1.586,8.077,4.74,9.593,1.645,0.8,7.785,23.107,101.805,109.102,-1.422
2013-14,2013-12-10,LAK,SUN,LAK,22.095,4.009,9.4,0.424,2.872,6.091,0.467,1.137,3.309,0.345,2.108,2.707,0.789,0.395,1.533,1.928,1.268,0.686,0.234,0.804,1.78,11.262,7.005,-0.278,0.531,0.486,0.357,0.22,1.655,8.117,4.793,9.78,1.605,0.78,7.888,23.217,101.468,109.49,-1.609
2013-14,2013-12-13,LAK,THU,THU,22.295,4.055,9.483,0.425,2.853,6.09,0.465,1.202,3.393,0.354,2.083,2.668,0.79,0.386,1.544,1.93,1.284,0.671,0.229,0.809,1.786,11.396,7.086,-0.726,0.533,0.489,0.362,0.216,1.616,8.085,4.753,9.826,1.567,0.762,7.865,23.112,101.886,109.931,-1.542
2013-14,2013-12-14,LAK,BOB,BOB,22.521,4.01,9.496,0.421,2.812,6.089,0.46,1.198,3.407,0.352,2.216,2.81,0.796,0.422,1.531,1.954,1.278,0.656,0.246,0.791,1.769,11.434,7.133,-0.397,0.531,0.485,0.363,0.228,1.743,7.976,4.763,9.726,1.531,0.791,7.682,23.046,102.098,109.677,-1.539
2013-14,2013-12-16,LAK,HAW,HAW,22.747,4.076,9.596,0.423,2.795,6.11,0.456,1.281,3.486,0.366,2.255,2.837,0.801,0.435,1.564,1.999,1.272,0.642,0.263,0.795,1.796,11.688,7.345,-0.453,0.536,0.49,0.367,0.229,1.785,8.013,4.808,9.621,1.496,0.825,7.644,23.054,103.095,110.093,-1.34
2013-14,2013-12-17,LAK,GRI,GRI,22.98,4.118,9.628,0.425,2.8,6.088,0.458,1.318,3.54,0.37,2.272,2.841,0.804,0.426,1.594,2.02,1.266,0.649,0.278,0.8,1.801,11.825,7.493,-0.4,0.541,0.494,0.37,0.23,1.746,8.022,4.812,9.518,1.498,0.849,7.64,22.977,103.76,109.958,-1.215
2013-14,2013-12-20,LAK,TIM,LAK,23.154,4.221,9.72,0.431,2.846,6.129,0.462,1.374,3.592,0.379,2.288,2.846,0.808,0.417,1.624,2.041,1.324,0.636,0.273,0.888,1.805,12.103,7.687,-0.14,0.548,0.501,0.372,0.229,1.708,8.019,4.815,9.785,1.466,0.83,8.009,23.132,104.048,109.806,-1.073
2013-14,2013-12-21,LAK,WAR,WAR,23.31,4.237,9.892,0.426,2.87,6.25,0.458,1.367,3.642,0.373,2.426,3.034,0.804,0.45,1.632,2.082,1.297,0.644,0.267,0.952,1.83,12.267,7.653,-0.403,0.543,0.495,0.371,0.238,1.801,7.972,4.841,9.576,1.466,0.813,8.152,23.408,103.579,109.683,-1.137
2013-14,2013-12-23,LAK,SUN,SUN,23.497,4.273,10.036,0.424,2.894,6.346,0.455,1.38,3.689,0.372,2.478,3.074,0.81,0.44,1.639,2.08,1.291,0.651,0.262,0.973,1.814,12.404,7.69,-0.536,0.541,0.492,0.371,0.239,1.764,7.946,4.8,9.523,1.467,0.796,8.177,23.522,103.338,109.898,-1.149
2013-14,2013-12-25,LAK,HEA,LAK,23.659,4.328,10.194,0.422,2.896,6.439,0.45,1.431,3.755,0.378,2.469,3.053,0.811,0.451,1.626,2.079,1.285,0.638,0.257,0.993,1.818,12.556,7.718,-0.465,0.541,0.493,0.371,0.235,1.793,7.857,4.772,9.467,1.437,0.78,8.206,23.644,103.331,110.022,-1.146
2013-14,2013-12-27,LAK,JAZ,JAZ,23.756,4.438,10.328,0.427,3.015,6.567,0.457,1.423,3.761,0.376,2.422,3.015,0.807,0.443,1.595,2.039,1.318,0.645,0.271,1.052,1.899,12.721,7.766,-0.591,0.542,0.496,0.367,0.228,1.757,7.7,4.676,9.712,1.444,0.816,8.416,23.864,103.264,110.082,-1.177
2013-14,2013-12-29,LAK,76E,LAK,23.989,4.468,10.531,0.423,3.034,6.633,0.456,1.435,3.898,0.366,2.604,3.186,0.818,0.472,1.641,2.114,1.332,0.652,0.266,1.146,1.901,12.975,7.845,-0.712,0.541,0.491,0.372,0.239,1.827,7.743,4.735,9.749,1.444,0.8,8.616,24.108,103.122,110.178,-1.28
2013-14,2013-12-31,LAK,BUC,LAK,24.318,4.534,10.727,0.421,3.071,6.753,0.454,1.464,3.975,0.367,2.668,3.239,0.823,0.463,1.722,2.186,1.307,0.64,0.261,1.162,1.922,13.201,7.925,-0.867,0.54,0.489,0.373,0.24,1.791,7.884,4.793,9.561,1.416,0.785,8.6,24.203,103.042,110.194,-1.276
2013-14,2014-01-03,LAK,JAZ,LAK,24.521,4.562,10.789,0.421,3.125,6.795,0.458,1.437,3.994,0.359,2.693,3.29,0.819,0.455,1.727,2.183,1.301,0.628,0.256,1.196,1.942,13.254,7.87,-0.796,0.539,0.488,0.373,0.241,1.758,7.843,4.761,9.456,1.389,0.77,8.727,24.249,102.683,110.285,-1.531
2013-14,2014-01-05,LAK,NUG,LAK,24.732,4.624,10.866,0.424,3.195,6.889,0.462,1.429,3.977,0.359,2.717,3.303,0.822,0.447,1.714,2.162,1.295,0.617,0.252,1.21,1.962,13.394,7.937,-1.069,0.541,0.49,0.369,0.241,1.725,7.751,4.698,9.359,1.364,0.756,8.764,24.185,102.819,110.742,-1.609
2013-14,2014-01-07,LAK,MAV,MAV,24.629,4.561,10.798,0.421,3.157,6.82,0.46,1.404,3.977,0.354,2.669,3.245,0.822,0.439,1.737,2.177,1.273,0.606,0.247,1.225,1.945,13.194,7.726,-1.192,0.537,0.486,0.371,0.239,1.694,7.949,4.775,9.189,1.338,0.742,9.008,24.12,101.385,110.784,-1.968
2013-14,2014-01-08,LAK,ROC,ROC,24.848,4.656,10.959,0.423,3.241,6.946,0.464,1.415,4.013,0.353,2.675,3.241,0.824,0.431,1.811,2.243,1.268,0.596,0.243,1.203,1.98,13.401,7.869,-1.362,0.539,0.488,0.369,0.237,1.663,8.089,4.829,9.125,1.315,0.729,8.847,24.109,101.807,110.895,-1.881
2013-14,2014-01-10,LAK,CLI,CLI,24.973,4.627,11.012,0.419,3.237,6.982,0.461,1.391,4.03,0.347,2.715,3.272,0.828,0.441,1.883,2.325,1.246,0.586,0.256,1.234,1.998,13.361,7.759,-1.561,0.535,0.483,0.369,0.239,1.683,8.268,4.923,8.965,1.292,0.754,8.966,24.115,101.144,111.037,-2.026
2013-14,2014-01-14,LAK,CAV,LAK,25.101,4.668,11.096,0.42,3.233,6.999,0.46,1.434,4.097,0.351,2.838,3.385,0.834,0.434,1.868,2.303,1.326,0.575,0.252,1.231,2.015,13.608,7.997,-1.266,0.538,0.485,0.372,0.247,1.654,8.183,4.87,9.264,1.269,0.741,8.892,24.214,101.814,111.45,-1.893
2013-14,2014-01-15,LAK,SUN,SUN,24.865,4.657,11.046,0.42,3.246,7.0,0.462,1.411,4.046,0.35,2.808,3.346,0.835,0.427,1.887,2.314,1.321,0.566,0.248,1.21,2.015,13.533,7.961,-1.129,0.538,0.485,0.369,0.246,1.626,8.488,5.023,9.407,1.248,0.729,8.741,24.341,101.936,111.426,-1.871
2013-14,2014-01-19,LAK,RAP,RAP,24.958,4.696,11.079,0.422,3.226,6.984,0.46,1.469,4.094,0.358,2.925,3.471,0.838,0.42,1.889,2.309,1.316,0.557,0.243,1.191,2.015,13.785,8.203,-0.997,0.544,0.489,0.372,0.255,1.599,8.485,5.006,9.352,1.227,0.716,8.596,24.397,102.97,111.585,-1.617
2013-14,2014-01-20,LAK,BUL,BUL,25.246,4.797,11.27,0.424,3.303,7.145,0.46,1.494,4.125,0.362,2.974,3.528,0.839,0.413,1.939,2.352,1.311,0.58,0.24,1.236,2.031,14.062,8.359,-1.141,0.545,0.491,0.369,0.254,1.573,8.522,5.023,9.294,1.246,0.705,8.672,24.524,102.954,111.395,-1.551
2013-14,2014-01-23,LAK,HEA,HEA,25.37,4.847,11.408,0.423,3.345,7.254,0.459,1.502,4.155,0.361,2.944,3.52,0.834,0.422,1.94,2.363,1.306,0.618,0.236,1.248,2.062,14.141,8.366,-1.029,0.543,0.489,0.367,0.249,1.596,8.524,5.028,9.226,1.302,0.694,8.672,24.634,102.713,111.421,-1.59
2013-14,2014-01-24,LAK,MAG,MAG,25.442,4.866,11.48,0.423,3.371,7.343,0.458,1.495,4.137,0.36,2.945,3.558,0.826,0.431,1.957,2.388,1.301,0.624,0.232,1.26,2.03,14.171,8.35,-1.199,0.541,0.488,0.364,0.248,1.622,8.575,5.059,9.16,1.307,0.682,8.688,24.725,102.352,111.478,-1.703
2013-14,2014-01-26,LAK,KNI,KNI,25.58,4.868,11.474,0.423,3.397,7.369,0.459,1.472,4.104,0.358,2.946,3.566,0.825,0.44,1.957,2.398,1.312,0.615,0.228,1.287,2.061,14.153,8.3,-1.349,0.54,0.488,0.362,0.248,1.661,8.536,5.061,9.153,1.286,0.672,8.849,24.705,102.206,111.752,-1.859
2013-14,2014-01-28,LAK,PAC,LAK,25.558,4.87,11.542,0.421,3.406,7.393,0.459,1.464,4.149,0.354,2.917,3.542,0.823,0.433,1.943,2.376,1.308,0.605,0.225,1.267,2.06,14.122,8.214,-1.404,0.537,0.485,0.363,0.245,1.635,8.455,5.011,9.126,1.267,0.661,8.712,24.797,101.741,111.755,-1.948
2013-14,2014-01-31,LAK,BOB,LAK,25.711,4.917,11.698,0.419,3.445,7.507,0.457,1.473,4.191,0.352,2.918,3.549,0.822,0.427,1.944,2.371,1.332,0.612,0.222,1.278,2.059,14.225,8.23,-1.501,0.535,0.483,0.362,0.242,1.61,8.431,4.98,9.229,1.267,0.652,8.698,24.885,101.488,111.774,-1.96
2013-14,2014-02-04,LAK,TIM,TIM,25.771,4.904,11.703,0.418,3.409,7.471,0.455,1.495,4.232,0.353,3.066,3.702,0.826,0.421,1.945,2.366,1.313,0.602,0.219,1.318,2.087,14.368,8.283,-1.48,0.537,0.483,0.365,0.253,1.586,8.421,4.959,9.091,1.248,0.642,8.839,25.015,101.585,111.852,-1.974
2013-14,2014-02-05,LAK,CAV,CAV,25.654,4.847,11.607,0.417,3.374,7.406,0.455,1.473,4.2,0.351,3.079,3.706,0.829,0.415,1.975,2.39,1.352,0.594,0.215,1.299,2.058,14.248,8.264,-1.271,0.536,0.481,0.365,0.256,1.563,8.561,5.052,9.367,1.23,0.632,8.709,24.915,101.93,111.84,-1.979
2013-14,2014-02-23,LAK,NET,LAK,25.567,4.822,11.499,0.419,3.355,7.344,0.456,1.467,4.155,0.353,3.079,3.725,0.825,0.409,1.961,2.37,1.332,0.599,0.212,1.323,2.043,14.189,8.225,-1.253,0.538,0.483,0.364,0.259,1.54,8.529,5.024,9.232,1.249,0.623,9.055,24.866,101.916,111.943,-1.985
2013-14,2014-03-21,LAK,WIZ,LAK,25.616,4.852,11.562,0.419,3.35,7.34,0.455,1.502,4.223,0.356,3.077,3.729,0.824,0.417,1.947,2.365,1.328,0.591,0.21,1.319,2.07,14.285,8.268,-1.109,0.539,0.484,0.368,0.258,1.569,8.463,5.006,9.176,1.232,0.614,9.002,24.875,102.074,112.016,-1.967
2013-14,2014-03-23,LAK,MAG,LAK,25.685,4.896,11.638,0.419,3.387,7.418,0.455,1.509,4.22,0.358,3.146,3.802,0.826,0.411,1.962,2.373,1.324,0.583,0.207,1.315,2.083,14.447,8.379,-1.038,0.54,0.485,0.365,0.261,1.548,8.51,5.018,9.137,1.215,0.606,8.94,24.98,102.355,111.931,-1.899
2013-14,2014-03-25,LAK,KNI,LAK,25.589,4.912,11.616,0.422,3.355,7.372,0.454,1.557,4.244,0.366,3.144,3.792,0.828,0.406,1.99,2.396,1.305,0.575,0.204,1.338,2.096,14.524,8.434,-0.82,0.544,0.488,0.368,0.262,1.526,8.768,5.153,9.01,1.198,0.597,9.106,25.119,102.614,111.849,-1.812
2013-14,2014-03-27,LAK,BUC,BUC,25.633,4.926,11.649,0.422,3.35,7.354,0.455,1.576,4.295,0.366,3.129,3.768,0.829,0.414,1.977,2.39,1.328,0.594,0.201,1.36,2.121,14.557,8.457,-0.796,0.545,0.489,0.371,0.26,1.566,8.715,5.147,9.1,1.229,0.589,9.211,25.137,102.715,111.864,-1.773
2013-14,2014-03-28,LAK,TIM,TIM,25.659,4.901,11.654,0.42,3.306,7.336,0.45,1.595,4.317,0.368,3.114,3.745,0.829,0.422,1.95,2.372,1.337,0.639,0.198,1.342,2.133,14.511,8.461,-0.944,0.543,0.488,0.372,0.259,1.589,8.597,5.109,9.099,1.306,0.581,9.087,25.056,102.732,112.177,-1.754
2013-14,2014-03-30,LAK,SUN,LAK,25.633,4.889,11.659,0.419,3.302,7.319,0.451,1.588,4.34,0.365,3.099,3.735,0.828,0.416,1.964,2.38,1.346,0.644,0.195,1.325,2.118,14.465,8.438,-0.984,0.542,0.486,0.374,0.258,1.567,8.645,5.131,9.13,1.315,0.574,8.965,25.061,102.536,112.041,-1.796
2013-14,2014-04-01,LAK,BLA,LAK,25.727,5.02,11.844,0.423,3.375,7.393,0.456,1.645,4.452,0.368,3.111,3.751,0.828,0.437,1.964,2.401,1.342,0.661,0.193,1.32,2.091,14.796,8.731,-0.932,0.546,0.492,0.377,0.255,1.627,8.613,5.145,9.11,1.335,0.566,8.892,25.23,102.911,112.172,-1.576
2013-14,2014-04-02,LAK,KIN,KIN,25.781,5.033,11.91,0.421,3.358,7.414,0.453,1.675,4.497,0.37,3.084,3.717,0.828,0.457,1.939,2.396,1.337,0.666,0.191,1.316,2.103,14.825,8.727,-1.099,0.544,0.492,0.379,0.252,1.684,8.501,5.119,9.069,1.339,0.558,8.847,25.236,102.873,112.196,-1.588
2013-14,2014-04-04,LAK,MAV,LAK,25.708,5.032,11.862,0.423,3.354,7.37,0.454,1.679,4.491,0.372,3.071,3.708,0.827,0.451,1.94,2.391,1.32,0.658,0.188,1.325,2.089,14.814,8.721,-1.199,0.547,0.493,0.38,0.252,1.662,8.536,5.123,8.953,1.322,0.551,8.96,25.236,102.939,112.258,-1.554
2013-14,2014-04-06,LAK,CLI,CLI,25.713,5.032,11.901,0.422,3.349,7.329,0.456,1.683,4.572,0.367,3.108,3.749,0.827,0.445,1.941,2.386,1.328,0.674,0.186,1.333,2.101,14.854,8.735,-1.333,0.545,0.492,0.385,0.254,1.641,8.55,5.11,9.013,1.351,0.545,8.974,25.34,102.812,112.292,-1.534
2013-14,2014-04-08,LAK,ROC,LAK,25.679,5.105,11.988,0.424,3.37,7.349,0.457,1.736,4.639,0.372,3.118,3.777,0.825,0.439,1.929,2.369,1.349,0.666,0.184,1.317,2.124,15.066,8.912,-1.354,0.549,0.496,0.387,0.253,1.621,8.509,5.076,9.274,1.334,0.537,8.862,25.49,103.203,112.589,-1.359
2013-14,2014-04-11,LAK,WAR,LAK,25.733,5.165,12.086,0.426,3.414,7.406,0.46,1.751,4.68,0.372,3.105,3.755,0.826,0.435,1.906,2.341,1.382,0.658,0.181,1.301,2.11,15.186,9.015,-1.435,0.55,0.498,0.387,0.25,1.601,8.404,5.013,9.573,1.317,0.531,8.752,25.54,103.41,112.668,-1.243
2013-14,2014-04-13,LAK,GRI,LAK,25.731,5.163,12.086,0.426,3.385,7.365,0.459,1.778,4.72,0.374,3.068,3.71,0.826,0.429,1.895,2.325,1.365,0.662,0.191,1.285,2.109,15.173,9.013,-1.633,0.55,0.499,0.39,0.248,1.581,8.355,4.978,9.456,1.326,0.556,8.645,25.504,103.381,112.672,-1.194
2013-14,2014-04-14,LAK,JAZ,JAZ,25.83,5.268,12.215,0.429,3.44,7.42,0.462,1.828,4.795,0.379,3.115,3.773,0.825,0.424,1.908,2.333,1.384,0.654,0.189,1.294,2.107,15.48,9.261,-1.353,0.554,0.503,0.392,0.249,1.562,8.395,4.988,9.543,1.31,0.549,8.624,25.667,103.809,112.712,-1.069
2013-14,2014-04-16,LAK,SPU,SPU,25.877,5.277,12.213,0.43,3.447,7.416,0.463,1.831,4.797,0.379,3.101,3.764,0.824,0.419,1.957,2.376,1.392,0.658,0.187,1.279,2.106,15.486,9.305,-1.302,0.555,0.504,0.392,0.247,1.544,8.508,5.046,9.538,1.313,0.543,8.522,25.599,104.002,112.537,-1.012
2014-15,2014-11-18,LAK,HAW,HAW,27.174,5.813,13.264,0.443,3.788,8.04,0.477,2.026,5.224,0.391,3.514,4.295,0.814,0.449,2.103,2.551,1.392,0.698,0.176,1.392,2.31,17.167,10.32,-1.135,0.57,0.52,0.394,0.266,1.701,8.813,5.325,9.005,1.302,0.474,7.846,26.43,108.392,113.759,-0.285
2014-15,2014-11-19,LAK,ROC,ROC,27.01,5.776,13.191,0.439,3.767,7.932,0.481,2.009,5.259,0.381,3.438,4.198,0.815,0.436,2.159,2.595,1.329,0.735,0.168,1.329,2.303,17.0,10.257,-0.781,0.566,0.515,0.402,0.258,1.624,9.199,5.442,8.595,1.406,0.453,7.489,26.297,108.602,112.906,-0.099
2014-15,2014-11-21,LAK,MAV,MAV,26.671,5.634,12.937,0.435,3.665,7.765,0.476,1.969,5.172,0.379,3.307,4.041,0.811,0.42,2.094,2.514,1.337,0.713,0.193,1.271,2.315,16.543,9.957,-1.417,0.561,0.512,0.404,0.25,1.553,8.799,5.205,8.774,1.345,0.664,7.163,25.876,108.01,114.823,-0.551
2014-15,2014-11-23,LAK,NUG,LAK,26.653,5.495,12.864,0.423,3.564,7.71,0.46,1.931,5.154,0.372,3.246,3.954,0.817,0.405,2.123,2.528,1.318,0.69,0.188,1.252,2.3,16.167,9.569,-1.643,0.548,0.498,0.404,0.247,1.488,8.862,5.209,8.679,1.289,0.636,7.165,25.731,105.885,114.331,-1.008
2014-15,2014-11-26,LAK,GRI,LAK,26.632,5.43,12.875,0.417,3.502,7.734,0.447,1.928,5.141,0.373,3.225,3.908,0.827,0.39,2.086,2.477,1.303,0.666,0.248,1.203,2.287,16.013,9.433,-1.834,0.543,0.492,0.401,0.246,1.429,8.683,5.081,8.604,1.238,0.854,6.878,25.758,105.53,114.278,-1.063
2014-15,2014-11-28,LAK,TIM,LAK,26.588,5.437,12.828,0.42,3.543,7.763,0.453,1.894,5.065,0.371,3.209,3.868,0.835,0.376,2.05,2.426,1.289,0.644,0.241,1.224,2.374,15.978,9.33,-1.653,0.545,0.494,0.395,0.246,1.374,8.592,4.993,8.465,1.19,0.822,7.118,25.728,105.778,114.844,-1.426
2014-15,2014-11-30,LAK,RAP,LAK,26.721,5.447,12.756,0.425,3.455,7.601,0.45,1.992,5.156,0.387,3.196,3.896,0.819,0.363,2.112,2.475,1.245,0.622,0.234,1.31,2.361,16.083,9.344,-1.508,0.553,0.503,0.407,0.247,1.323,8.722,5.041,8.152,1.146,0.791,7.717,25.668,105.824,114.924,-1.41
2014-15,2014-12-02,LAK,PIS,PIS,26.522,5.427,12.753,0.423,3.404,7.574,0.444,2.023,5.18,0.391,3.28,3.989,0.822,0.35,2.077,2.427,1.203,0.601,0.259,1.267,2.286,16.159,9.431,-1.526,0.555,0.503,0.409,0.255,1.276,8.571,4.947,7.861,1.105,0.881,7.441,26.001,106.544,114.712,-1.149
2014-15,2014-12-03,LAK,WIZ,WIZ,26.447,5.472,12.784,0.426,3.357,7.519,0.44,2.115,5.266,0.403,3.238,3.924,0.826,0.339,2.074,2.413,1.163,0.612,0.283,1.257,2.276,16.297,9.579,-1.263,0.561,0.51,0.415,0.251,1.232,8.568,4.918,7.59,1.136,0.94,7.402,26.105,107.181,114.688,-0.713
2014-15,2014-12-05,LAK,CEL,CEL,26.317,5.454,12.815,0.424,3.373,7.619,0.438,2.082,5.196,0.402,3.289,3.984,0.826,0.328,2.102,2.43,1.156,0.593,0.275,1.217,2.267,16.279,9.543,-1.255,0.558,0.506,0.407,0.255,1.191,8.803,4.987,7.597,1.098,0.909,7.155,26.291,107.008,114.565,-0.669
2014-15,2014-12-07,LAK,PEL,LAK,26.236,5.379,12.816,0.417,3.3,7.597,0.428,2.079,5.219,0.399,3.338,4.042,0.826,0.317,2.099,2.417,1.15,0.575,0.297,1.209,2.229,16.175,9.413,-1.543,0.553,0.499,0.409,0.26,1.152,8.88,4.981,7.568,1.063,0.98,7.118,26.485,106.234,114.514,-0.732
2014-15,2014-12-09,LAK,KIN,LAK,26.112,5.366,12.817,0.416,3.318,7.606,0.431,2.048,5.212,0.394,3.269,3.952,0.828,0.365,2.096,2.462,1.144,0.587,0.317,1.173,2.279,16.048,9.359,-1.24,0.55,0.497,0.408,0.254,1.372,8.94,5.116,7.581,1.101,1.071,6.896,26.47,106.07,114.061,-0.721
2014-15,2014-12-12,LAK,SPU,SPU,26.284,5.466,12.847,0.424,3.307,7.53,0.434,2.159,5.318,0.406,3.316,3.98,0.835,0.355,2.065,2.42,1.139,0.57,0.309,1.167,2.242,16.407,9.722,-1.064,0.562,0.509,0.416,0.257,1.331,8.775,5.013,7.521,1.068,1.038,6.862,26.398,107.856,114.119,-0.281
2014-15,2014-12-14,LAK,TIM,TIM,26.209,5.369,12.739,0.42,3.241,7.485,0.427,2.128,5.254,0.406,3.279,3.925,0.838,0.372,2.009,2.381,1.107,0.609,0.301,1.135,2.235,16.145,9.546,-0.979,0.557,0.504,0.415,0.257,1.43,8.517,4.93,7.3,1.163,1.008,6.661,26.172,107.213,113.734,-0.488
2014-15,2014-12-15,LAK,PAC,PAC,26.105,5.384,12.717,0.422,3.26,7.443,0.433,2.125,5.274,0.404,3.298,3.925,0.843,0.362,2.035,2.397,1.103,0.619,0.32,1.13,2.229,16.191,9.649,-0.872,0.56,0.506,0.417,0.258,1.389,8.754,4.989,7.469,1.195,1.07,6.665,26.244,107.692,113.77,-0.171
2014-15,2014-12-19,LAK,THU,LAK,25.77,5.347,12.592,0.423,3.226,7.352,0.433,2.121,5.24,0.406,3.211,3.822,0.844,0.352,2.034,2.386,1.074,0.628,0.312,1.126,2.196,16.026,9.557,-1.032,0.561,0.508,0.419,0.254,1.351,8.916,5.084,7.261,1.268,1.041,6.788,26.393,107.34,113.554,-0.049
2014-15,2014-12-21,LAK,KIN,KIN,25.884,5.388,12.626,0.426,3.219,7.29,0.437,2.169,5.336,0.407,3.332,3.927,0.853,0.369,2.084,2.452,1.071,0.663,0.304,1.097,2.242,16.278,9.873,-1.056,0.568,0.513,0.426,0.264,1.395,9.113,5.182,7.259,1.323,1.013,6.604,26.323,108.98,113.458,0.403
2014-15,2014-12-23,LAK,WAR,LAK,25.987,5.378,12.633,0.425,3.212,7.281,0.437,2.165,5.352,0.405,3.324,3.903,0.856,0.384,2.132,2.516,1.069,0.672,0.322,1.093,2.26,16.244,9.875,-0.979,0.566,0.511,0.427,0.263,1.461,9.292,5.303,7.179,1.33,1.057,6.601,26.201,109.085,113.367,0.292
2014-15,2014-12-25,LAK,BUL,BUL,25.763,5.27,12.47,0.421,3.133,7.175,0.431,2.137,5.295,0.404,3.242,3.808,0.857,0.375,2.104,2.479,1.091,0.655,0.314,1.091,2.254,15.919,9.612,-1.296,0.563,0.508,0.428,0.259,1.424,9.223,5.244,7.436,1.296,1.03,6.799,26.014,107.827,113.999,-0.13
2014-15,2014-12-26,LAK,MAV,MAV,25.828,5.262,12.553,0.418,3.057,7.194,0.418,2.205,5.359,0.412,3.165,3.716,0.858,0.366,2.173,2.539,1.112,0.664,0.307,1.136,2.224,15.895,9.532,-1.122,0.56,0.506,0.43,0.251,1.388,9.457,5.316,7.552,1.306,1.004,7.024,26.006,107.481,113.799,-0.142
2014-15,2014-12-28,LAK,SUN,LAK,25.811,5.302,12.609,0.419,3.055,7.234,0.415,2.247,5.374,0.418,3.16,3.699,0.861,0.357,2.146,2.503,1.132,0.648,0.3,1.132,2.242,16.012,9.607,-1.236,0.562,0.509,0.429,0.249,1.354,9.346,5.244,7.693,1.274,0.979,6.994,26.126,107.786,114.023,-0.092
2014-15,2014-12-30,LAK,NUG,NUG,25.716,5.226,12.48,0.417,3.031,7.183,0.415,2.196,5.297,0.415,3.088,3.614,0.862,0.349,2.12,2.469,1.152,0.633,0.293,1.129,2.213,15.737,9.392,-1.435,0.559,0.506,0.428,0.246,1.322,9.231,5.184,7.805,1.244,0.956,7.125,25.904,106.744,113.975,-0.421
2014-15,2015-01-02,LAK,GRI,LAK,25.686,5.221,12.423,0.418,3.051,7.177,0.419,2.17,5.246,0.414,3.085,3.622,0.858,0.341,2.095,2.436,1.17,0.641,0.309,1.104,2.209,15.697,9.431,-1.47,0.56,0.507,0.425,0.247,1.291,9.116,5.117,7.897,1.261,0.999,6.96,25.824,107.145,114.022,-0.351
2014-15,2015-01-04,LAK,PAC,LAK,25.746,5.194,12.413,0.416,3.028,7.173,0.416,2.166,5.24,0.414,3.28,3.804,0.868,0.334,2.115,2.448,1.166,0.649,0.302,1.101,2.204,15.833,9.574,-1.285,0.562,0.505,0.425,0.264,1.262,9.147,5.133,7.907,1.276,0.976,6.926,25.971,107.597,113.703,-0.159
2014-15,2015-01-05,LAK,BLA,BLA,25.766,5.146,12.425,0.412,3.005,7.211,0.41,2.141,5.214,0.412,3.294,3.808,0.871,0.327,2.112,2.438,1.184,0.656,0.296,1.12,2.199,15.728,9.439,-1.429,0.557,0.499,0.422,0.265,1.234,9.111,5.103,7.982,1.292,0.955,7.037,26.019,106.894,113.576,-0.3
2014-15,2015-01-07,LAK,CLI,CLI,25.856,5.121,12.478,0.408,3.004,7.247,0.408,2.117,5.23,0.405,3.267,3.769,0.873,0.34,2.152,2.492,1.201,0.664,0.29,1.138,2.153,15.628,9.333,-1.42,0.552,0.494,0.421,0.262,1.287,9.221,5.19,8.035,1.301,0.934,7.127,26.046,106.136,113.716,-0.434
2014-15,2015-01-09,LAK,MAG,LAK,25.729,5.057,12.488,0.402,2.983,7.242,0.405,2.074,5.246,0.396,3.302,3.794,0.877,0.333,2.107,2.441,1.176,0.671,0.284,1.176,2.17,15.491,9.089,-1.371,0.546,0.486,0.422,0.265,1.26,9.025,5.079,7.864,1.328,0.914,7.327,26.31,105.154,113.233,-0.867
2014-15,2015-01-11,LAK,BLA,LAK,25.564,5.015,12.457,0.4,2.963,7.156,0.407,2.052,5.301,0.387,3.276,3.758,0.879,0.326,2.105,2.432,1.152,0.657,0.278,1.152,2.186,15.359,8.944,-1.262,0.542,0.483,0.428,0.263,1.234,9.096,5.103,7.7,1.301,0.895,7.174,26.421,104.547,113.228,-1.102
2014-15,2015-01-13,LAK,HEA,LAK,25.452,4.956,12.428,0.396,2.924,7.153,0.402,2.031,5.276,0.385,3.271,3.743,0.881,0.32,2.084,2.404,1.189,0.664,0.273,1.169,2.183,15.213,8.8,-1.178,0.539,0.478,0.427,0.263,1.209,9.026,5.049,8.151,1.328,0.877,7.314,26.509,103.78,112.672,-1.145
2014-15,2015-01-15,LAK,CAV,LAK,25.386,4.936,12.439,0.394,2.906,7.111,0.401,2.031,5.328,0.381,3.285,3.767,0.878,0.314,2.082,2.396,1.166,0.651,0.268,1.146,2.218,15.189,8.728,-1.311,0.537,0.476,0.431,0.264,1.184,9.07,5.068,7.988,1.301,0.859,7.167,26.659,103.685,112.959,-1.318
2014-15,2015-01-16,LAK,JAZ,JAZ,25.386,4.918,12.373,0.395,2.888,7.07,0.401,2.03,5.303,0.383,3.469,3.942,0.885,0.346,2.042,2.388,1.143,0.639,0.262,1.124,2.176,15.336,8.936,-1.209,0.542,0.477,0.431,0.282,1.379,8.892,5.061,7.831,1.275,0.843,7.027,26.703,105.063,113.077,-0.974
2014-15,2015-01-19,LAK,SUN,SUN,25.404,4.956,12.365,0.398,2.89,7.03,0.404,2.067,5.335,0.388,3.517,3.999,0.883,0.376,2.042,2.418,1.178,0.664,0.258,1.178,2.191,15.497,9.121,-1.336,0.547,0.483,0.434,0.286,1.512,8.884,5.125,8.175,1.322,0.826,7.295,26.778,105.466,113.095,-0.706
2014-15,2015-01-21,LAK,PEL,PEL,25.289,4.92,12.34,0.396,2.855,7.011,0.4,2.066,5.328,0.388,3.47,3.944,0.884,0.37,2.023,2.392,1.174,0.67,0.253,1.174,2.169,15.377,9.01,-1.257,0.545,0.48,0.434,0.282,1.483,8.832,5.083,8.251,1.348,0.811,7.308,26.846,104.948,112.98,-0.752
2014-15,2015-01-23,LAK,SPU,SPU,25.199,4.921,12.315,0.397,2.839,6.975,0.399,2.083,5.34,0.39,3.48,3.945,0.886,0.363,1.986,2.349,1.153,0.658,0.249,1.171,2.148,15.405,9.026,-1.378,0.547,0.482,0.437,0.284,1.456,8.668,4.989,8.098,1.323,0.796,7.309,26.951,105.208,113.073,-0.583
2014-15,2015-01-25,LAK,ROC,LAK,24.902,4.834,12.133,0.396,2.789,6.869,0.398,2.046,5.263,0.389,3.418,3.875,0.887,0.374,1.986,2.361,1.132,0.646,0.244,1.204,2.11,15.132,8.811,-1.495,0.546,0.48,0.437,0.283,1.646,8.916,5.211,7.951,1.299,0.781,8.267,26.926,103.495,112.872,-1.058
2014-15,2015-02-01,LAK,KNI,KNI,24.468,4.75,11.921,0.395,2.74,6.749,0.397,2.01,5.172,0.389,3.359,3.807,0.887,0.368,1.952,2.319,1.113,0.635,0.24,1.182,2.073,14.868,8.657,-1.469,0.545,0.48,0.438,0.283,1.646,8.92,5.213,7.935,1.299,0.784,8.267,26.928,103.467,112.865,-1.062
2014-15,2015-02-04,LAK,BUC,BUC,24.625,4.754,11.922,0.395,2.744,6.702,0.401,2.01,5.221,0.385,3.37,3.862,0.876,0.395,1.935,2.331,1.094,0.624,0.236,1.197,2.055,14.887,8.641,-1.41,0.545,0.48,0.442,0.284,1.736,8.83,5.216,7.793,1.276,0.77,8.329,26.846,103.513,113.011,-1.104
2014-15,2015-02-06,LAK,MAG,MAG,24.485,4.674,11.822,0.392,2.698,6.639,0.397,1.976,5.183,0.381,3.313,3.797,0.877,0.389,1.92,2.308,1.126,0.614,0.232,1.176,2.037,14.637,8.458,-1.369,0.54,0.476,0.442,0.282,1.705,8.824,5.187,8.096,1.253,0.756,8.181,26.665,102.247,113.047,-1.435
2014-15,2015-02-08,LAK,CAV,CAV,24.452,4.646,11.792,0.39,2.669,6.579,0.397,1.977,5.213,0.379,3.258,3.734,0.877,0.399,1.888,2.287,1.157,0.604,0.228,1.173,2.053,14.526,8.364,-1.479,0.539,0.475,0.446,0.277,1.738,8.671,5.137,8.278,1.232,0.743,8.197,26.556,102.105,113.411,-1.57
2014-15,2015-02-10,LAK,NUG,LAK,24.485,4.635,11.811,0.388,2.658,6.585,0.394,1.977,5.226,0.378,3.238,3.722,0.874,0.409,1.906,2.315,1.138,0.594,0.224,1.154,2.085,14.485,8.294,-1.601,0.537,0.473,0.447,0.275,1.777,8.802,5.208,8.136,1.21,0.73,8.057,26.515,102.019,113.524,-1.676
2014-15,2015-02-11,LAK,BLA,BLA,24.319,4.625,11.814,0.388,2.679,6.608,0.397,1.945,5.206,0.373,3.202,3.678,0.875,0.418,1.892,2.309,1.119,0.584,0.221,1.151,2.083,14.396,8.184,-1.704,0.534,0.471,0.444,0.271,1.859,8.771,5.235,8.0,1.19,0.718,8.046,26.783,101.565,113.65,-1.846
2014-15,2015-02-20,LAK,NET,LAK,24.322,4.583,11.769,0.386,2.653,6.566,0.395,1.93,5.203,0.371,3.151,3.62,0.876,0.411,1.909,2.32,1.102,0.575,0.218,1.149,2.066,14.247,8.038,-1.709,0.531,0.468,0.446,0.268,1.829,8.84,5.254,7.868,1.17,0.706,8.078,26.629,100.813,113.854,-2.09
2014-15,2015-02-22,LAK,CEL,LAK,24.353,4.59,11.726,0.388,2.642,6.526,0.396,1.947,5.2,0.374,3.195,3.688,0.871,0.405,1.894,2.3,1.1,0.582,0.229,1.147,2.049,14.32,8.149,-1.45,0.534,0.471,0.448,0.273,1.799,8.758,5.203,7.839,1.181,0.745,8.067,26.572,101.451,113.677,-1.885
2015-16,2015-10-28,LAK,TIM,LAK,22.104,3.886,10.493,0.378,1.993,5.457,0.393,1.891,5.037,0.379,2.857,3.204,0.85,0.368,1.757,2.126,0.888,0.498,0.238,0.952,1.868,12.519,6.961,-1.331,0.537,0.473,0.492,0.264,1.819,9.041,5.292,6.75,1.084,0.819,7.608,26.028,102.467,113.798,-1.854
2015-16,2015-10-30,LAK,KIN,KIN,21.902,3.898,10.41,0.381,1.971,5.338,0.385,1.927,5.073,0.381,2.848,3.179,0.902,0.351,1.753,2.105,0.938,0.566,0.227,0.909,1.805,12.571,7.234,-1.324,0.541,0.476,0.497,0.271,1.736,9.075,5.265,7.448,1.312,0.782,7.262,25.913,104.264,113.807,-1.102
2015-16,2015-11-01,LAK,MAV,LAK,21.715,3.83,10.19,0.383,1.896,5.157,0.381,1.933,5.034,0.386,2.804,3.121,0.906,0.336,1.691,2.028,0.908,0.553,0.25,0.902,1.803,12.398,7.153,-1.618,0.548,0.484,0.509,0.273,1.661,8.681,5.037,7.124,1.255,0.939,7.576,25.482,104.6,113.772,-1.15
2015-16,2015-11-03,LAK,NUG,LAK,21.441,3.696,9.915,0.379,1.823,4.954,0.386,1.872,4.962,0.379,2.8,3.103,0.91,0.322,1.729,2.052,0.877,0.569,0.242,0.9,1.738,12.062,6.98,-1.769,0.546,0.479,0.524,0.286,1.592,9.307,5.268,6.828,1.336,0.9,8.044,25.041,102.867,113.907,-1.485
2015-16,2015-11-06,LAK,NET,NET,21.205,3.664,9.854,0.376,1.788,4.897,0.37,1.875,4.958,0.38,2.767,3.058,0.914,0.309,1.703,2.012,0.846,0.552,0.267,0.867,1.709,11.969,6.928,-1.518,0.543,0.476,0.523,0.283,1.528,9.186,5.202,6.554,1.282,1.028,7.722,25.135,102.872,113.43,-1.398
2015-16,2015-11-08,LAK,KNI,KNI,21.083,3.669,9.838,0.377,1.789,4.883,0.372,1.879,4.956,0.381,2.67,2.95,0.917,0.297,1.645,1.942,0.816,0.534,0.258,0.835,1.649,11.886,6.848,-1.303,0.541,0.476,0.519,0.268,1.469,8.833,5.002,6.302,1.233,0.989,7.425,25.049,102.762,113.491,-1.409
2015-16,2015-11-10,LAK,HEA,HEA,21.202,3.74,9.925,0.381,1.759,4.842,0.364,1.98,5.084,0.39,2.579,2.848,0.92,0.286,1.654,1.94,0.852,0.549,0.282,0.838,1.591,12.038,7.044,-1.128,0.546,0.485,0.526,0.253,1.415,8.81,4.983,6.684,1.265,1.059,7.413,25.103,103.215,113.473,-0.957
2015-16,2015-11-11,LAK,MAG,MAG,21.185,3.746,9.822,0.387,1.763,4.742,0.382,1.982,5.081,0.39,2.492,2.752,0.923,0.276,1.663,1.939,0.825,0.564,0.274,0.873,1.569,11.965,7.008,-1.183,0.551,0.492,0.533,0.246,1.364,8.77,4.973,6.445,1.309,1.021,7.941,24.935,102.921,113.491,-1.027
2015-16,2015-11-13,LAK,MAV,MAV,21.03,3.628,9.633,0.381,1.706,4.679,0.367,1.921,4.954,0.389,2.41,2.661,0.926,0.297,1.734,2.032,0.798,0.578,0.266,0.845,1.549,11.586,6.78,-1.268,0.543,0.485,0.53,0.24,1.497,9.281,5.277,6.223,1.364,0.986,7.668,24.42,99.821,112.647,-1.308
2015-16,2015-11-15,LAK,PIS,LAK,21.166,3.637,9.515,0.389,1.712,4.652,0.373,1.924,4.864,0.399,2.424,2.667,0.928,0.288,1.742,2.03,0.773,0.591,0.258,0.848,1.53,11.621,6.894,-0.621,0.554,0.495,0.526,0.246,1.447,9.215,5.235,6.015,1.382,0.953,7.812,24.083,101.227,111.925,-1.021
2015-16,2015-11-16,LAK,SUN,SUN,21.279,3.646,9.493,0.39,1.748,4.627,0.39,1.897,4.867,0.392,2.408,2.643,0.93,0.278,1.779,2.058,0.749,0.574,0.25,0.882,1.542,11.596,6.82,-1.042,0.553,0.495,0.527,0.245,1.4,9.302,5.279,5.821,1.337,0.922,8.102,24.022,100.994,112.541,-1.289
2015-16,2015-11-20,LAK,RAP,LAK,21.074,3.626,9.386,0.394,1.725,4.575,0.388,1.9,4.812,0.398,2.337,2.564,0.932,0.27,1.728,1.998,0.727,0.586,0.243,0.884,1.525,11.487,6.754,-1.586,0.556,0.5,0.526,0.239,1.356,9.011,5.114,5.639,1.414,0.894,8.296,24.005,101.088,112.742,-1.192
2015-16,2015-11-22,LAK,BLA,LAK,21.025,3.551,9.286,0.388,1.704,4.583,0.378,1.847,4.703,0.397,2.268,2.489,0.935,0.29,1.735,2.026,0.79,0.57,0.236,0.887,1.509,11.216,6.569,-1.655,0.548,0.492,0.518,0.233,1.461,9.084,5.195,6.223,1.372,0.867,8.478,23.751,99.782,112.871,-1.48
2015-16,2015-11-24,LAK,WAR,WAR,21.083,3.534,9.301,0.385,1.711,4.564,0.382,1.823,4.738,0.387,2.204,2.418,0.936,0.282,1.715,1.997,0.795,0.555,0.229,0.863,1.494,11.095,6.436,-1.994,0.541,0.486,0.521,0.225,1.418,8.94,5.107,6.284,1.331,0.841,8.228,23.635,99.083,113.257,-1.66
2015-16,2015-11-28,LAK,BLA,BLA,20.925,3.492,9.235,0.382,1.664,4.465,0.379,1.828,4.77,0.385,2.143,2.351,0.938,0.274,1.695,1.97,0.773,0.567,0.223,0.839,1.48,10.954,6.338,-2.344,0.538,0.484,0.53,0.218,1.377,8.913,5.075,6.104,1.39,0.817,7.993,23.579,98.651,113.393,-1.753
2015-16,2015-11-29,LAK,PAC,LAK,21.093,3.609,9.435,0.386,1.672,4.425,0.387,1.937,5.011,0.387,2.085,2.34,0.891,0.293,1.677,1.97,0.779,0.552,0.217,0.817,1.545,11.239,6.5,-2.127,0.542,0.493,0.545,0.208,1.425,8.765,5.029,6.135,1.352,0.794,7.771,23.655,99.466,113.354,-1.498
2015-16,2015-12-01,LAK,76E,76E,20.857,3.542,9.268,0.386,1.628,4.309,0.388,1.913,4.96,0.386,2.055,2.329,0.873,0.285,1.659,1.945,0.759,0.538,0.212,0.821,1.505,11.051,6.363,-2.125,0.542,0.493,0.551,0.208,1.387,8.774,5.009,5.969,1.315,0.773,8.115,23.494,99.022,113.372,-1.65
2015-16,2015-12-02,LAK,WIZ,WIZ,20.334,3.453,9.035,0.387,1.587,4.199,0.389,1.865,4.835,0.387,2.003,2.269,0.872,0.278,1.618,1.896,0.74,0.524,0.206,0.801,1.466,10.773,6.203,-2.073,0.542,0.495,0.553,0.206,1.37,8.771,5.001,5.935,1.321,0.77,8.119,23.401,99.017,113.36,-1.625
2015-16,2015-12-04,LAK,HAW,HAW,19.835,3.368,8.812,0.387,1.548,4.095,0.389,1.82,4.717,0.388,1.953,2.212,0.872,0.271,1.578,1.85,0.722,0.512,0.201,0.781,1.43,10.508,6.051,-2.023,0.543,0.496,0.555,0.204,1.355,8.767,4.994,5.902,1.326,0.768,8.123,23.314,99.012,113.35,-1.601
2015-16,2015-12-06,LAK,PIS,PIS,19.536,3.287,8.671,0.384,1.51,4.019,0.386,1.776,4.652,0.384,1.905,2.158,0.871,0.264,1.54,1.805,0.704,0.5,0.196,0.762,1.443,10.254,5.837,-2.095,0.538,0.491,0.557,0.201,1.319,8.524,4.856,5.741,1.288,0.746,7.897,23.176,96.262,113.536,-2.281
2015-16,2015-12-07,LAK,RAP,RAP,19.077,3.21,8.467,0.384,1.474,3.924,0.386,1.735,4.543,0.384,1.859,2.107,0.87,0.258,1.504,1.763,0.688,0.488,0.192,0.744,1.409,10.013,5.7,-2.046,0.538,0.492,0.56,0.199,1.305,8.516,4.845,5.708,1.292,0.744,7.895,23.095,96.19,113.531,-2.277
2015-16,2015-12-09,LAK,TIM,TIM,19.288,3.25,8.477,0.39,1.509,3.924,0.4,1.741,4.553,0.384,1.839,2.08,0.874,0.252,1.492,1.745,0.717,0.499,0.187,0.727,1.376,10.079,5.828,-1.75,0.543,0.498,0.559,0.196,1.27,8.395,4.771,5.82,1.306,0.724,7.677,22.895,97.602,113.765,-2.102
2015-16,2015-12-11,LAK,SPU,SPU,19.28,3.221,8.419,0.388,1.497,3.901,0.398,1.724,4.518,0.383,1.819,2.055,0.877,0.246,1.459,1.706,0.701,0.488,0.183,0.71,1.368,9.985,5.746,-1.801,0.541,0.496,0.558,0.196,1.239,8.172,4.645,5.669,1.27,0.705,7.473,22.698,97.591,114.012,-2.21
2015-16,2015-12-12,LAK,ROC,ROC,19.453,3.26,8.452,0.392,1.507,3.88,0.406,1.752,4.572,0.385,1.778,2.009,0.877,0.285,1.449,1.734,0.707,0.478,0.179,0.695,1.359,10.049,5.838,-2.525,0.545,0.5,0.562,0.19,1.398,8.066,4.675,5.7,1.237,0.687,7.28,22.514,98.593,114.504,-2.127
2015-16,2015-12-15,LAK,BUC,LAK,19.474,3.253,8.44,0.392,1.475,3.839,0.398,1.778,4.602,0.388,1.761,2.008,0.859,0.278,1.439,1.718,0.692,0.467,0.175,0.679,1.351,10.046,5.821,-2.515,0.545,0.502,0.566,0.189,1.364,7.993,4.624,5.559,1.205,0.67,7.098,22.415,99.362,114.389,-2.132
2015-16,2015-12-17,LAK,ROC,LAK,19.399,3.206,8.346,0.39,1.464,3.778,0.404,1.741,4.568,0.383,1.723,1.965,0.859,0.272,1.429,1.702,0.677,0.457,0.171,0.686,1.343,9.876,5.667,-2.379,0.541,0.499,0.57,0.185,1.332,7.931,4.585,5.426,1.175,0.654,7.417,22.222,97.976,114.599,-2.481
2015-16,2015-12-19,LAK,THU,THU,19.422,3.242,8.44,0.389,1.475,3.782,0.407,1.767,4.658,0.38,1.707,1.944,0.862,0.267,1.4,1.667,0.663,0.448,0.168,0.692,1.316,9.958,5.671,-2.987,0.541,0.498,0.573,0.182,1.301,7.743,4.477,5.3,1.147,0.639,7.406,22.449,97.86,114.99,-2.419
2015-16,2015-12-22,LAK,NUG,NUG,19.356,3.217,8.43,0.386,1.485,3.765,0.413,1.731,4.665,0.371,1.672,1.904,0.862,0.261,1.372,1.633,0.65,0.439,0.164,0.678,1.289,9.837,5.54,-3.089,0.534,0.493,0.574,0.178,1.272,7.565,4.374,5.179,1.12,0.624,7.234,22.438,96.909,115.174,-2.766
2015-16,2015-12-25,LAK,CLI,LAK,19.405,3.153,8.361,0.38,1.455,3.709,0.41,1.697,4.652,0.365,1.639,1.866,0.861,0.256,1.443,1.7,0.637,0.431,0.161,0.664,1.263,9.642,5.391,-2.89,0.527,0.485,0.578,0.175,1.244,7.989,4.569,5.065,1.095,0.61,7.071,22.176,94.707,114.872,-3.006
2015-16,2015-12-27,LAK,GRI,GRI,19.359,3.131,8.333,0.378,1.446,3.695,0.408,1.683,4.639,0.362,1.645,1.868,0.868,0.271,1.434,1.705,0.624,0.441,0.177,0.651,1.238,9.589,5.394,-3.048,0.525,0.482,0.577,0.177,1.338,7.991,4.611,4.955,1.14,0.695,6.915,22.131,95.076,114.94,-2.893
2015-16,2015-12-28,LAK,HOR,HOR,19.293,3.128,8.288,0.381,1.419,3.662,0.402,1.709,4.627,0.37,1.651,1.889,0.856,0.266,1.426,1.691,0.651,0.433,0.174,0.677,1.214,9.614,5.43,-2.934,0.529,0.487,0.579,0.18,1.309,7.975,4.588,5.354,1.115,0.68,7.233,22.233,95.427,114.939,-2.702
2015-16,2015-12-30,LAK,CEL,CEL,19.286,3.125,8.244,0.383,1.411,3.649,0.4,1.714,4.596,0.373,1.62,1.853,0.856,0.26,1.418,1.679,0.638,0.425,0.171,0.665,1.192,9.583,5.426,-2.879,0.531,0.491,0.578,0.177,1.282,7.919,4.547,5.243,1.091,0.666,7.081,22.048,96.272,114.875,-2.617
2015-16,2016-01-01,LAK,76E,LAK,19.415,3.123,8.294,0.379,1.403,3.655,0.395,1.719,4.64,0.371,1.59,1.819,0.855,0.274,1.428,1.703,0.645,0.491,0.168,0.671,1.169,9.553,5.446,-2.809,0.526,0.487,0.579,0.172,1.331,7.907,4.567,5.273,1.228,0.653,7.107,22.009,95.896,114.212,-2.529
2015-16,2016-01-03,LAK,SUN,LAK,19.387,3.084,8.27,0.375,1.377,3.642,0.386,1.706,4.629,0.368,1.561,1.786,0.855,0.269,1.42,1.69,0.633,0.481,0.164,0.658,1.166,9.434,5.318,-2.795,0.521,0.481,0.579,0.169,1.304,7.849,4.53,5.168,1.203,0.64,6.964,21.924,94.886,113.7,-2.789
2015-16,2016-01-05,LAK,WAR,LAK,19.315,3.029,8.229,0.369,1.353,3.63,0.378,1.676,4.6,0.364,1.55,1.807,0.826,0.264,1.448,1.712,0.639,0.491,0.162,0.7,1.163,9.284,5.139,-2.922,0.513,0.474,0.578,0.169,1.279,8.092,4.618,5.282,1.245,0.627,7.405,22.046,93.302,113.626,-3.214
2015-16,2016-01-07,LAK,KIN,KIN,18.978,2.976,8.086,0.369,1.329,3.566,0.378,1.647,4.519,0.364,1.523,1.775,0.825,0.259,1.423,1.682,0.628,0.482,0.159,0.688,1.143,9.122,5.049,-2.872,0.513,0.474,0.579,0.168,1.273,8.084,4.611,5.264,1.246,0.625,7.399,22.001,93.242,113.625,-3.222
2015-16,2016-01-08,LAK,THU,LAK,18.653,2.925,7.947,0.369,1.307,3.505,0.378,1.619,4.442,0.364,1.497,1.744,0.824,0.255,1.398,1.654,0.617,0.474,0.156,0.675,1.123,8.965,4.962,-2.823,0.513,0.474,0.58,0.167,1.267,8.076,4.605,5.246,1.247,0.622,7.393,21.957,93.184,113.624,-3.229
2015-16,2016-01-10,LAK,JAZ,LAK,18.668,2.926,7.93,0.37,1.335,3.563,0.38,1.591,4.367,0.364,1.471,1.714,0.824,0.267,1.375,1.643,0.607,0.466,0.154,0.664,1.121,8.914,4.922,-2.961,0.511,0.473,0.569,0.164,1.331,7.917,4.572,5.144,1.223,0.61,7.248,21.847,93.269,113.532,-3.279
2015-16,2016-01-12,LAK,PEL,LAK,18.504,2.878,7.832,0.368,1.312,3.52,0.378,1.565,4.312,0.362,1.447,1.686,0.823,0.263,1.352,1.616,0.597,0.475,0.167,0.653,1.102,8.766,4.846,-2.979,0.509,0.471,0.57,0.162,1.306,7.764,4.484,5.047,1.311,0.754,7.108,21.623,91.463,113.036,-3.266
2015-16,2016-01-14,LAK,WAR,WAR,18.203,2.83,7.703,0.368,1.291,3.462,0.378,1.539,4.241,0.362,1.423,1.658,0.823,0.259,1.33,1.589,0.587,0.467,0.165,0.642,1.084,8.623,4.766,-2.93,0.509,0.471,0.57,0.161,1.301,7.754,4.477,5.029,1.313,0.753,7.1,21.581,91.397,113.03,-3.273
2015-16,2016-01-16,LAK,JAZ,JAZ,18.102,2.801,7.644,0.367,1.286,3.439,0.38,1.514,4.205,0.359,1.4,1.631,0.822,0.254,1.341,1.596,0.594,0.46,0.162,0.648,1.067,8.516,4.688,-2.836,0.506,0.469,0.57,0.159,1.278,8.001,4.554,5.22,1.287,0.739,7.349,21.517,90.651,113.222,-3.475
2015-16,2016-01-17,LAK,ROC,LAK,17.816,2.757,7.522,0.367,1.266,3.384,0.38,1.49,4.139,0.359,1.378,1.605,0.822,0.251,1.319,1.57,0.584,0.453,0.159,0.638,1.049,8.381,4.614,-2.791,0.506,0.469,0.571,0.158,1.273,7.994,4.548,5.205,1.288,0.738,7.344,21.478,90.584,113.218,-3.483
2015-16,2016-01-20,LAK,KIN,LAK,17.539,2.713,7.405,0.367,1.246,3.331,0.38,1.468,4.074,0.359,1.356,1.58,0.821,0.247,1.299,1.546,0.575,0.445,0.157,0.628,1.033,8.25,4.541,-2.748,0.506,0.469,0.571,0.158,1.268,7.987,4.543,5.191,1.29,0.737,7.339,21.44,90.519,113.214,-3.491
2015-16,2016-01-22,LAK,SPU,LAK,17.27,2.672,7.292,0.367,1.226,3.28,0.38,1.445,4.012,0.359,1.335,1.555,0.82,0.243,1.279,1.522,0.566,0.438,0.154,0.618,1.017,8.123,4.471,-2.706,0.506,0.47,0.572,0.157,1.263,7.981,4.538,5.177,1.291,0.736,7.334,21.404,90.456,113.211,-3.498
2015-16,2016-01-23,LAK,BLA,BLA,17.122,2.631,7.212,0.365,1.208,3.23,0.38,1.423,3.981,0.356,1.314,1.531,0.82,0.239,1.26,1.499,0.557,0.432,0.152,0.609,1.002,8.001,4.383,-2.621,0.503,0.467,0.575,0.155,1.24,7.829,4.451,5.081,1.265,0.722,7.195,21.245,88.731,113.669,-3.8
2015-16,2016-01-26,LAK,MAV,LAK,17.248,2.622,7.193,0.365,1.191,3.197,0.378,1.432,3.997,0.357,1.324,1.539,0.828,0.25,1.315,1.566,0.579,0.44,0.15,0.6,1.002,8.0,4.448,-2.567,0.504,0.467,0.579,0.158,1.31,8.082,4.625,5.256,1.281,0.709,7.06,21.1,89.639,113.506,-3.628
2015-16,2016-01-28,LAK,BUL,LAK,17.415,2.657,7.233,0.368,1.202,3.208,0.381,1.455,4.025,0.361,1.319,1.545,0.816,0.276,1.31,1.586,0.571,0.434,0.148,0.62,1.016,8.087,4.492,-2.691,0.508,0.472,0.579,0.157,1.41,8.008,4.642,5.162,1.257,0.696,7.217,21.085,89.937,113.719,-3.626
2015-16,2016-01-29,LAK,CLI,CLI,17.362,2.633,7.186,0.367,1.184,3.176,0.379,1.448,4.011,0.36,1.329,1.551,0.824,0.272,1.32,1.593,0.591,0.428,0.146,0.611,1.016,8.042,4.488,-2.71,0.508,0.471,0.581,0.161,1.386,8.165,4.706,5.484,1.234,0.684,7.088,21.001,90.604,113.778,-3.528
2015-16,2016-01-31,LAK,HOR,LAK,17.47,2.595,7.169,0.361,1.168,3.145,0.376,1.427,4.025,0.353,1.338,1.557,0.83,0.268,1.344,1.612,0.597,0.421,0.143,0.602,1.015,7.955,4.409,-2.955,0.502,0.464,0.584,0.163,1.362,8.218,4.724,5.514,1.213,0.672,6.963,20.857,89.663,113.693,-3.673
2015-16,2016-02-02,LAK,TIM,LAK,17.424,2.573,7.124,0.36,1.165,3.129,0.377,1.407,3.996,0.35,1.319,1.535,0.83,0.265,1.325,1.59,0.588,0.429,0.141,0.608,1.029,7.871,4.33,-2.928,0.5,0.462,0.584,0.161,1.339,8.076,4.643,5.421,1.254,0.66,7.192,20.781,88.845,113.803,-3.907
2015-16,2016-02-04,LAK,PEL,PEL,17.402,2.564,7.067,0.362,1.163,3.099,0.382,1.402,3.968,0.351,1.384,1.597,0.847,0.261,1.362,1.623,0.594,0.438,0.139,0.614,1.028,7.914,4.425,-3.067,0.506,0.464,0.585,0.174,1.316,8.388,4.798,5.488,1.287,0.65,7.328,20.758,90.297,113.482,-3.557
2015-16,2016-02-06,LAK,SPU,SPU,17.382,2.543,7.025,0.361,1.146,3.07,0.379,1.396,3.955,0.351,1.365,1.575,0.847,0.257,1.357,1.614,0.6,0.431,0.137,0.605,1.014,7.846,4.387,-3.066,0.505,0.464,0.587,0.172,1.295,8.354,4.77,5.56,1.265,0.638,7.206,20.607,90.352,113.642,-3.576
2015-16,2016-02-08,LAK,PAC,PAC,17.346,2.522,7.025,0.357,1.144,3.056,0.38,1.377,3.969,0.344,1.346,1.553,0.847,0.267,1.379,1.646,0.591,0.426,0.136,0.596,1.028,7.767,4.304,-2.985,0.499,0.458,0.588,0.17,1.365,8.573,4.898,5.47,1.244,0.628,7.088,20.595,89.531,113.318,-3.76
2015-16,2016-02-10,LAK,CAV,CAV,17.115,2.488,6.931,0.357,1.13,3.014,0.381,1.359,3.917,0.344,1.328,1.533,0.847,0.263,1.361,1.624,0.584,0.42,0.134,0.588,1.014,7.664,4.247,-2.946,0.499,0.458,0.589,0.169,1.362,8.571,4.896,5.461,1.245,0.627,7.083,20.565,89.482,113.315,-3.767
2015-16,2016-02-19,LAK,SPU,LAK,17.136,2.482,6.931,0.356,1.128,3.028,0.378,1.354,3.904,0.344,1.376,1.578,0.858,0.26,1.356,1.617,0.602,0.414,0.132,0.581,1.001,7.694,4.291,-2.946,0.5,0.457,0.587,0.178,1.34,8.545,4.872,5.614,1.225,0.617,6.969,20.595,90.251,113.686,-3.714
2015-16,2016-02-21,LAK,BUL,BUL,17.179,2.463,6.919,0.353,1.113,3.014,0.373,1.35,3.906,0.342,1.358,1.557,0.858,0.257,1.351,1.609,0.595,0.409,0.131,0.587,1.0,7.633,4.21,-3.038,0.496,0.454,0.588,0.176,1.32,8.515,4.84,5.525,1.204,0.607,7.087,20.5,89.663,114.171,-3.928
2015-16,2016-02-22,LAK,BUC,BUC,17.261,2.495,6.983,0.356,1.124,3.026,0.376,1.371,3.958,0.344,1.417,1.639,0.848,0.253,1.372,1.626,0.6,0.404,0.129,0.605,0.987,7.778,4.302,-2.833,0.501,0.456,0.589,0.185,1.299,8.612,4.871,5.619,1.185,0.598,7.156,20.686,89.993,114.2,-3.82
2015-16,2016-02-24,LAK,GRI,GRI,17.282,2.489,6.983,0.354,1.11,3.013,0.371,1.378,3.97,0.344,1.424,1.657,0.842,0.25,1.355,1.606,0.592,0.399,0.127,0.597,1.0,7.78,4.281,-2.823,0.5,0.456,0.591,0.187,1.279,8.478,4.796,5.534,1.167,0.589,7.046,20.666,90.28,114.599,-3.917
2015-16,2016-02-26,LAK,GRI,LAK,17.279,2.482,6.971,0.354,1.108,2.988,0.375,1.374,3.983,0.342,1.419,1.66,0.834,0.247,1.375,1.623,0.585,0.394,0.151,0.602,0.988,7.758,4.272,-3.012,0.499,0.455,0.594,0.187,1.261,8.697,4.874,5.451,1.149,0.742,7.133,20.687,90.101,114.681,-3.927
2015-16,2016-03-01,LAK,NET,LAK,17.367,2.464,6.946,0.352,1.094,2.963,0.373,1.369,3.984,0.341,1.402,1.652,0.825,0.244,1.383,1.628,0.589,0.402,0.149,0.606,1.0,7.699,4.219,-2.864,0.497,0.454,0.597,0.185,1.243,8.687,4.867,5.446,1.163,0.731,7.259,20.562,89.598,114.564,-4.016
2015-16,2016-03-02,LAK,NUG,NUG,17.311,2.459,6.922,0.353,1.094,2.939,0.377,1.365,3.984,0.34,1.421,1.669,0.832,0.241,1.403,1.644,0.583,0.396,0.147,0.599,1.0,7.702,4.238,-2.818,0.499,0.454,0.599,0.189,1.225,9.081,5.025,5.366,1.146,0.721,7.152,20.619,90.187,114.747,-3.985
2015-16,2016-03-04,LAK,HAW,LAK,17.404,2.441,6.947,0.349,1.081,2.951,0.368,1.36,3.996,0.338,1.428,1.673,0.835,0.262,1.398,1.66,0.599,0.391,0.145,0.592,1.0,7.669,4.208,-2.856,0.494,0.448,0.598,0.19,1.312,9.037,5.049,5.495,1.13,0.71,7.049,20.588,90.031,114.954,-4.069
2015-16,2016-03-06,LAK,WAR,LAK,17.464,2.448,6.959,0.349,1.08,2.952,0.367,1.368,4.007,0.339,1.47,1.712,0.844,0.259,1.405,1.664,0.616,0.399,0.143,0.597,1.047,7.732,4.26,-2.751,0.496,0.449,0.598,0.197,1.294,9.031,5.045,5.595,1.145,0.7,7.076,20.616,90.567,114.739,-3.993
2015-16,2016-03-08,LAK,MAG,LAK,17.525,2.418,6.936,0.345,1.067,2.941,0.363,1.352,3.996,0.335,1.453,1.692,0.844,0.256,1.4,1.656,0.62,0.394,0.142,0.59,1.035,7.641,4.181,-2.683,0.492,0.445,0.598,0.195,1.276,8.98,5.011,5.592,1.129,0.69,6.977,20.469,89.507,114.685,-4.134
2015-16,2016-03-10,LAK,CAV,LAK,17.322,2.39,6.855,0.345,1.054,2.906,0.363,1.336,3.949,0.335,1.436,1.672,0.844,0.253,1.384,1.638,0.613,0.389,0.14,0.583,1.023,7.552,4.132,-2.652,0.492,0.445,0.598,0.194,1.274,8.98,5.01,5.586,1.129,0.689,6.973,20.447,89.471,114.689,-4.141
2015-16,2016-03-13,LAK,KNI,LAK,17.124,2.363,6.777,0.345,1.042,2.873,0.363,1.32,3.904,0.335,1.419,1.653,0.844,0.25,1.368,1.619,0.606,0.385,0.138,0.576,1.011,7.466,4.085,-2.622,0.492,0.445,0.599,0.194,1.271,8.98,5.009,5.581,1.129,0.689,6.97,20.425,89.437,114.692,-4.147
2015-16,2016-03-15,LAK,KIN,LAK,16.929,2.336,6.7,0.345,1.031,2.84,0.363,1.305,3.859,0.335,1.403,1.634,0.843,0.247,1.353,1.6,0.599,0.381,0.137,0.57,1.0,7.381,4.038,-2.593,0.492,0.445,0.599,0.194,1.269,8.981,5.008,5.575,1.129,0.688,6.966,20.404,89.403,114.695,-4.152
2015-16,2016-03-18,LAK,SUN,LAK,16.74,2.31,6.624,0.345,1.019,2.809,0.363,1.291,3.817,0.335,1.387,1.615,0.843,0.245,1.338,1.582,0.593,0.376,0.135,0.563,0.989,7.298,3.993,-2.564,0.491,0.444,0.6,0.194,1.267,8.981,5.007,5.57,1.129,0.688,6.963,20.384,89.369,114.699,-4.158
2015-16,2016-03-22,LAK,GRI,LAK,16.554,2.284,6.551,0.345,1.007,2.778,0.363,1.277,3.774,0.335,1.372,1.598,0.843,0.242,1.323,1.565,0.586,0.373,0.134,0.557,0.977,7.217,3.949,-2.536,0.491,0.444,0.6,0.193,1.265,8.981,5.007,5.565,1.129,0.687,6.959,20.364,89.337,114.702,-4.164
2015-16,2016-03-23,LAK,SUN,SUN,16.372,2.259,6.479,0.345,0.996,2.746,0.363,1.263,3.733,0.335,1.357,1.58,0.843,0.239,1.308,1.547,0.58,0.368,0.133,0.551,0.967,7.137,3.905,-2.508,0.491,0.444,0.601,0.193,1.263,8.982,5.006,5.56,1.129,0.687,6.956,20.344,89.305,114.705,-4.169
2015-16,2016-03-25,LAK,NUG,LAK,16.195,2.235,6.409,0.345,0.986,2.717,0.363,1.249,3.692,0.335,1.342,1.563,0.843,0.236,1.294,1.531,0.573,0.364,0.131,0.545,0.956,7.06,3.863,-2.48,0.491,0.444,0.601,0.193,1.261,8.982,5.005,5.556,1.129,0.686,6.953,20.325,89.274,114.708,-4.175
2015-16,2016-03-30,LAK,HEA,LAK,16.02,2.211,6.34,0.345,0.975,2.687,0.363,1.236,3.653,0.335,1.328,1.546,0.843,0.234,1.28,1.514,0.567,0.36,0.129,0.539,0.946,6.984,3.822,-2.454,0.491,0.444,0.601,0.192,1.259,8.982,5.004,5.551,1.129,0.685,6.949,20.306,89.244,114.711,-4.18
2015-16,2016-04-05,LAK,CLI,CLI,15.85,2.187,6.272,0.345,0.964,2.659,0.363,1.223,3.614,0.334,1.313,1.53,0.843,0.231,1.267,1.498,0.561,0.357,0.128,0.533,0.936,6.909,3.781,-2.428,0.491,0.444,0.602,0.192,1.257,8.982,5.003,5.546,1.129,0.685,6.946,20.287,89.214,114.714,-4.185
2016-17,2016-10-26,LAK,ROC,LAK,13.933,1.693,5.073,0.335,0.654,1.809,0.362,1.039,3.265,0.32,0.81,0.978,0.79,0.18,1.14,1.32,0.461,0.296,0.114,0.386,0.763,5.235,2.77,-2.691,0.476,0.437,0.642,0.161,1.027,9.259,5.025,5.099,1.072,0.759,6.344,18.615,86.22,115.125,-5.011
2016-17,2016-10-28,LAK,JAZ,JAZ,14.214,1.73,5.146,0.337,0.693,1.901,0.364,1.037,3.245,0.32,0.955,1.115,0.845,0.172,1.111,1.283,0.448,0.283,0.147,0.368,0.918,5.452,2.895,-2.978,0.483,0.438,0.632,0.182,0.98,8.838,4.796,4.867,1.024,0.911,6.055,18.601,88.983,114.937,-4.661
2016-17,2016-10-30,LAK,THU,THU,14.764,1.807,5.35,0.338,0.706,1.88,0.374,1.101,3.47,0.32,1.099,1.252,0.851,0.164,1.171,1.336,0.464,0.336,0.148,0.417,1.077,5.813,3.112,-3.468,0.489,0.441,0.645,0.195,0.937,8.971,4.827,4.895,1.11,0.871,6.366,18.679,89.94,114.636,-4.489
2016-17,2016-11-01,LAK,PAC,PAC,15.028,1.852,5.389,0.343,0.718,1.887,0.378,1.134,3.502,0.324,1.076,1.222,0.857,0.158,1.268,1.426,0.449,0.326,0.146,0.404,1.163,5.914,3.188,-3.463,0.494,0.447,0.646,0.192,0.898,9.448,5.055,4.691,1.063,0.835,6.101,18.372,92.026,114.651,-4.302
2016-17,2016-11-02,LAK,HAW,HAW,15.433,1.996,5.588,0.352,0.796,1.959,0.397,1.199,3.629,0.329,1.114,1.255,0.863,0.151,1.264,1.415,0.501,0.315,0.143,0.424,1.174,6.304,3.491,-3.041,0.504,0.458,0.646,0.191,0.862,9.25,4.945,4.899,1.021,0.802,6.169,18.469,93.945,114.985,-4.078
2016-17,2016-11-04,LAK,WAR,LAK,15.736,2.068,5.779,0.352,0.872,2.062,0.406,1.196,3.717,0.323,1.182,1.318,0.868,0.178,1.292,1.47,0.551,0.305,0.172,0.411,1.278,6.514,3.644,-2.982,0.503,0.455,0.641,0.194,0.995,9.248,5.012,5.134,0.982,0.917,5.932,18.558,95.024,114.332,-3.925
2016-17,2016-11-06,LAK,SUN,LAK,16.42,2.266,6.057,0.363,1.009,2.226,0.423,1.257,3.831,0.327,1.246,1.376,0.873,0.205,1.447,1.652,0.567,0.328,0.2,0.43,1.376,7.035,4.111,-2.663,0.513,0.466,0.634,0.194,1.069,9.509,5.197,5.107,0.993,0.953,5.938,18.519,96.875,113.875,-3.576
2016-17,2016-11-08,LAK,MAV,LAK,16.854,2.423,6.257,0.371,1.108,2.351,0.432,1.315,3.907,0.333,1.306,1.432,0.878,0.198,1.468,1.667,0.55,0.317,0.195,0.416,1.435,7.466,4.432,-2.864,0.522,0.476,0.628,0.196,1.031,9.487,5.168,4.924,0.958,0.919,5.726,18.636,98.772,114.308,-3.326
2016-17,2016-11-10,LAK,KIN,KIN,17.278,2.54,6.415,0.377,1.139,2.344,0.446,1.401,4.071,0.338,1.27,1.391,0.882,0.192,1.519,1.711,0.565,0.339,0.19,0.434,1.521,7.75,4.64,-2.528,0.529,0.485,0.635,0.189,0.995,9.501,5.187,4.951,0.984,0.887,5.814,18.632,99.711,113.677,-3.046
2016-17,2016-11-12,LAK,PEL,PEL,17.397,2.62,6.503,0.383,1.108,2.307,0.446,1.512,4.196,0.349,1.234,1.351,0.886,0.217,1.475,1.692,0.609,0.329,0.185,0.422,1.542,7.986,4.875,-2.299,0.538,0.495,0.643,0.183,1.159,9.185,5.101,5.176,0.951,0.858,5.621,18.667,101.887,113.687,-2.665
2016-17,2016-11-13,LAK,TIM,TIM,17.599,2.636,6.585,0.382,1.137,2.301,0.458,1.499,4.284,0.342,1.259,1.372,0.89,0.211,1.463,1.674,0.622,0.319,0.179,0.439,1.589,8.03,4.822,-2.436,0.536,0.492,0.647,0.184,1.121,9.04,5.017,5.254,0.92,0.83,5.736,18.772,101.407,114.375,-2.927
2016-17,2016-11-15,LAK,NET,LAK,17.904,2.622,6.632,0.379,1.135,2.294,0.461,1.487,4.338,0.337,1.224,1.334,0.893,0.205,1.451,1.656,0.691,0.31,0.175,0.426,1.576,7.955,4.754,-1.874,0.531,0.488,0.649,0.18,1.086,8.867,4.913,5.524,0.891,0.804,5.557,18.541,100.926,114.426,-3.142
2016-17,2016-11-18,LAK,SPU,LAK,18.204,2.749,6.789,0.386,1.189,2.372,0.465,1.559,4.418,0.345,1.304,1.438,0.883,0.227,1.496,1.723,0.728,0.301,0.198,0.47,1.564,8.359,5.114,-2.072,0.54,0.498,0.647,0.186,1.165,9.071,5.028,5.742,0.864,0.877,5.761,18.749,102.079,114.716,-2.729
2016-17,2016-11-20,LAK,BUL,LAK,18.548,2.814,6.965,0.386,1.213,2.445,0.461,1.601,4.519,0.346,1.324,1.455,0.886,0.248,1.593,1.842,0.764,0.293,0.193,0.485,1.578,8.551,5.247,-2.178,0.539,0.497,0.646,0.184,1.225,9.348,5.18,5.855,0.839,0.851,5.789,18.815,102.254,114.96,-2.763
2016-17,2016-11-22,LAK,THU,LAK,18.848,2.902,7.105,0.389,1.235,2.516,0.457,1.666,4.589,0.352,1.317,1.471,0.876,0.269,1.579,1.847,0.771,0.285,0.242,0.553,1.618,8.786,5.367,-2.36,0.543,0.502,0.643,0.181,1.324,9.198,5.158,5.834,0.815,0.97,6.163,18.972,102.303,114.989,-2.718
2016-17,2016-11-23,LAK,WAR,WAR,18.861,2.907,7.133,0.389,1.23,2.582,0.446,1.677,4.551,0.357,1.283,1.433,0.878,0.262,1.565,1.827,0.778,0.277,0.236,0.539,1.604,8.773,5.342,-3.003,0.543,0.502,0.638,0.177,1.288,9.137,5.098,5.888,0.792,0.943,5.992,18.942,102.267,115.851,-2.779
2016-17,2016-11-27,LAK,HAW,LAK,18.979,2.988,7.261,0.392,1.251,2.696,0.436,1.737,4.565,0.366,1.277,1.423,0.88,0.281,1.525,1.806,0.759,0.296,0.23,0.525,1.616,8.989,5.514,-2.978,0.547,0.507,0.631,0.174,1.375,8.89,5.022,5.729,0.83,0.917,5.83,19.049,103.503,115.449,-2.441
2016-17,2016-11-29,LAK,PEL,PEL,18.559,2.916,7.083,0.394,1.221,2.63,0.438,1.695,4.453,0.367,1.246,1.388,0.882,0.274,1.488,1.762,0.74,0.288,0.224,0.513,1.577,8.771,5.381,-3.004,0.549,0.509,0.631,0.174,1.339,8.656,4.89,5.578,0.809,0.893,5.677,18.548,100.78,115.621,-2.722
2016-17,2016-12-11,LAK,KNI,LAK,18.612,2.993,7.182,0.398,1.314,2.689,0.457,1.679,4.493,0.363,1.265,1.428,0.873,0.316,1.501,1.817,0.723,0.281,0.219,0.5,1.589,8.928,5.509,-2.931,0.55,0.512,0.628,0.174,1.571,8.734,5.046,5.435,0.788,0.87,5.531,18.736,101.426,115.836,-2.66
2016-17,2016-12-12,LAK,KIN,KIN,18.797,2.994,7.252,0.396,1.307,2.698,0.455,1.687,4.554,0.36,1.235,1.394,0.874,0.309,1.514,1.822,0.73,0.298,0.214,0.536,1.576,8.91,5.431,-3.148,0.547,0.508,0.63,0.17,1.532,8.778,5.028,5.467,0.815,0.849,5.81,18.758,100.79,116.016,-2.824
2016-17,2016-12-14,LAK,NET,NET,19.054,3.042,7.434,0.393,1.324,2.752,0.453,1.719,4.682,0.357,1.23,1.386,0.876,0.371,1.502,1.873,0.713,0.315,0.233,0.547,1.61,9.033,5.48,-3.238,0.543,0.505,0.631,0.166,1.692,8.642,5.049,5.333,0.837,0.906,5.817,18.861,100.82,116.04,-2.781
2016-17,2016-12-16,LAK,76E,76E,19.114,3.088,7.473,0.396,1.363,2.782,0.46,1.726,4.691,0.358,1.271,1.446,0.869,0.363,1.491,1.854,0.742,0.307,0.25,0.534,1.62,9.173,5.628,-2.8,0.547,0.509,0.63,0.17,1.652,8.535,4.986,5.635,0.817,0.977,5.679,18.941,101.896,115.658,-2.472
2016-17,2016-12-17,LAK,CAV,CAV,19.534,3.288,7.731,0.405,1.422,2.832,0.469,1.866,4.9,0.368,1.243,1.414,0.87,0.355,1.502,1.858,0.793,0.323,0.245,0.523,1.696,9.685,6.067,-3.005,0.557,0.522,0.634,0.163,1.613,8.477,4.94,5.848,0.831,0.954,5.547,19.047,103.224,116.014,-2.14
2016-17,2016-12-20,LAK,HOR,HOR,19.71,3.414,7.958,0.408,1.479,2.945,0.469,1.935,5.012,0.372,1.238,1.405,0.872,0.348,1.514,1.861,0.776,0.316,0.24,0.533,1.66,10.0,6.256,-3.42,0.56,0.525,0.632,0.159,1.577,8.458,4.923,5.715,0.812,0.933,5.537,19.339,103.582,116.378,-2.094
2016-17,2016-12-22,LAK,HEA,HEA,20.058,3.492,8.089,0.41,1.491,2.947,0.472,2.001,5.141,0.374,1.233,1.396,0.873,0.341,1.481,1.822,0.781,0.352,0.234,0.522,1.668,10.218,6.443,-3.134,0.563,0.529,0.636,0.156,1.541,8.27,4.814,5.686,0.856,0.912,5.414,19.303,104.392,116.458,-1.934
2016-17,2016-12-23,LAK,MAG,MAG,20.225,3.462,8.068,0.409,1.481,2.97,0.468,1.981,5.098,0.374,1.207,1.41,0.852,0.354,1.493,1.847,0.765,0.386,0.271,0.511,1.633,10.112,6.411,-3.299,0.56,0.527,0.633,0.154,1.579,8.273,4.829,5.563,0.913,1.012,5.296,19.142,103.687,116.187,-1.947
2016-17,2016-12-25,LAK,CLI,LAK,20.432,3.515,8.089,0.414,1.471,2.951,0.469,2.043,5.138,0.382,1.224,1.422,0.855,0.347,1.503,1.85,0.79,0.399,0.266,0.521,1.662,10.297,6.608,-2.719,0.567,0.534,0.635,0.155,1.546,8.248,4.801,5.667,0.93,0.99,5.379,19.068,105.205,116.013,-1.665
2016-17,2016-12-27,LAK,JAZ,LAK,20.487,3.486,8.089,0.411,1.483,2.973,0.469,2.003,5.116,0.377,1.199,1.393,0.856,0.34,1.513,1.854,0.794,0.431,0.261,0.531,1.669,10.172,6.491,-2.805,0.563,0.531,0.634,0.153,1.514,8.299,4.811,5.675,1.009,0.97,5.498,19.038,104.263,115.867,-1.834
2016-17,2016-12-29,LAK,MAV,LAK,20.684,3.536,8.089,0.417,1.473,2.954,0.471,2.063,5.135,0.386,1.176,1.366,0.856,0.333,1.523,1.857,0.799,0.442,0.256,0.52,1.637,10.31,6.682,-2.887,0.571,0.539,0.635,0.15,1.483,8.305,4.798,5.702,1.025,0.95,5.386,18.925,106.278,115.931,-1.501
2016-17,2017-01-01,LAK,RAP,LAK,20.873,3.623,8.205,0.421,1.465,2.994,0.463,2.158,5.21,0.396,1.212,1.398,0.861,0.327,1.532,1.86,0.784,0.473,0.251,0.549,1.664,10.615,6.918,-2.812,0.578,0.546,0.635,0.152,1.453,8.337,4.779,5.588,1.07,0.931,5.508,19.033,107.053,116.132,-1.251
2016-17,2017-01-03,LAK,GRI,LAK,20.991,3.669,8.259,0.423,1.438,2.938,0.465,2.232,5.321,0.4,1.227,1.448,0.845,0.321,1.504,1.825,0.807,0.464,0.246,0.539,1.709,10.796,7.049,-2.588,0.582,0.551,0.643,0.153,1.424,8.173,4.685,5.701,1.049,0.912,5.4,19.091,107.777,116.11,-1.105
2016-17,2017-01-05,LAK,BLA,BLA,21.257,3.694,8.386,0.42,1.448,2.995,0.46,2.247,5.391,0.398,1.204,1.421,0.845,0.334,1.494,1.829,0.81,0.455,0.241,0.529,1.752,10.839,7.005,-2.875,0.578,0.548,0.642,0.149,1.451,8.085,4.654,5.682,1.029,0.895,5.297,19.077,107.57,116.3,-1.22
2016-17,2017-01-06,LAK,HEA,LAK,21.407,3.646,8.398,0.416,1.422,2.996,0.453,2.224,5.402,0.395,1.218,1.431,0.848,0.346,1.54,1.886,0.814,0.447,0.238,0.519,1.757,10.734,6.894,-2.237,0.573,0.542,0.642,0.15,1.488,8.157,4.717,5.641,1.01,0.878,5.197,18.972,107.087,116.068,-1.397
2016-17,2017-01-08,LAK,MAG,LAK,21.375,3.599,8.374,0.413,1.414,2.996,0.452,2.184,5.378,0.39,1.197,1.406,0.849,0.34,1.531,1.871,0.8,0.439,0.251,0.546,1.726,10.579,6.709,-2.124,0.569,0.538,0.641,0.148,1.46,8.084,4.675,5.536,0.991,0.934,5.511,18.993,105.53,115.771,-1.715
2016-17,2017-01-10,LAK,BLA,LAK,21.487,3.571,8.386,0.41,1.39,3.014,0.443,2.181,5.372,0.391,1.211,1.434,0.842,0.334,1.504,1.838,0.803,0.449,0.264,0.536,1.713,10.535,6.664,-2.193,0.566,0.535,0.64,0.149,1.434,7.937,4.589,5.547,1.008,0.966,5.411,18.96,105.157,115.793,-1.764
2016-17,2017-01-12,LAK,SPU,SPU,21.36,3.562,8.345,0.411,1.383,2.997,0.444,2.179,5.349,0.392,1.19,1.41,0.842,0.328,1.478,1.806,0.807,0.442,0.26,0.527,1.718,10.492,6.634,-2.607,0.567,0.536,0.64,0.147,1.408,7.795,4.507,5.694,0.99,0.949,5.315,18.97,105.565,116.35,-1.715
2016-17,2017-01-14,LAK,CLI,CLI,21.486,3.57,8.341,0.412,1.394,2.998,0.447,2.176,5.343,0.393,1.187,1.42,0.835,0.323,1.453,1.775,0.793,0.451,0.255,0.518,1.723,10.502,6.637,-2.835,0.568,0.538,0.64,0.147,1.384,7.659,4.429,5.595,1.002,0.932,5.221,18.884,105.783,116.397,-1.696
2016-17,2017-01-15,LAK,PIS,LAK,21.568,3.544,8.336,0.41,1.387,2.964,0.45,2.157,5.372,0.388,1.217,1.446,0.84,0.351,1.512,1.863,0.796,0.443,0.251,0.509,1.745,10.461,6.621,-2.721,0.566,0.535,0.643,0.15,1.499,7.835,4.581,5.594,0.985,0.916,5.131,18.831,105.786,116.235,-1.739
2016-17,2017-01-17,LAK,NUG,LAK,21.721,3.618,8.463,0.412,1.431,2.998,0.458,2.187,5.465,0.387,1.23,1.455,0.844,0.378,1.488,1.866,0.8,0.486,0.247,0.517,1.749,10.653,6.799,-2.774,0.568,0.537,0.644,0.149,1.576,7.702,4.565,5.576,1.046,0.901,5.139,18.883,106.315,116.366,-1.593
2016-17,2017-01-20,LAK,PAC,LAK,21.791,3.641,8.538,0.412,1.407,2.982,0.454,2.233,5.556,0.388,1.21,1.432,0.844,0.388,1.496,1.884,0.804,0.494,0.243,0.525,1.77,10.725,6.83,-2.485,0.568,0.537,0.648,0.146,1.618,7.717,4.594,5.58,1.06,0.886,5.172,18.938,106.527,116.094,-1.554
2016-17,2017-01-22,LAK,MAV,MAV,21.874,3.631,8.546,0.41,1.417,2.998,0.455,2.214,5.547,0.386,1.223,1.441,0.846,0.382,1.504,1.886,0.806,0.486,0.24,0.517,1.742,10.698,6.805,-2.814,0.566,0.535,0.647,0.147,1.591,7.737,4.59,5.618,1.043,0.871,5.088,18.925,106.355,116.486,-1.601
2016-17,2017-01-25,LAK,BLA,BLA,22.009,3.653,8.569,0.412,1.427,3.014,0.456,2.226,5.554,0.388,1.236,1.45,0.849,0.376,1.543,1.919,0.794,0.478,0.235,0.524,1.762,10.767,6.841,-2.801,0.568,0.538,0.646,0.148,1.566,7.833,4.618,5.527,1.026,0.857,5.141,18.888,106.72,116.413,-1.591
2016-17,2017-01-26,LAK,JAZ,JAZ,22.125,3.674,8.623,0.412,1.435,3.046,0.454,2.238,5.578,0.388,1.216,1.428,0.849,0.371,1.566,1.936,0.782,0.486,0.232,0.532,1.797,10.803,6.826,-2.897,0.568,0.538,0.645,0.146,1.541,7.871,4.629,5.439,1.039,0.844,5.181,18.919,106.661,116.28,-1.566
2016-17,2017-01-31,LAK,NUG,LAK,22.24,3.756,8.721,0.416,1.475,3.106,0.457,2.281,5.615,0.393,1.198,1.421,0.841,0.364,1.603,1.968,0.816,0.495,0.228,0.539,1.8,10.99,7.0,-2.501,0.571,0.542,0.643,0.142,1.517,7.935,4.663,5.59,1.049,0.83,5.196,18.997,107.182,116.338,-1.42
2016-17,2017-02-02,LAK,WIZ,WIZ,22.274,3.745,8.741,0.414,1.483,3.09,0.462,2.262,5.651,0.388,1.18,1.399,0.841,0.359,1.594,1.953,0.804,0.487,0.225,0.531,1.818,10.931,6.901,-2.449,0.568,0.54,0.645,0.141,1.493,7.878,4.624,5.504,1.033,0.818,5.116,18.963,106.732,116.44,-1.585
2016-17,2017-02-03,LAK,CEL,CEL,22.437,3.779,8.819,0.414,1.476,3.104,0.458,2.303,5.716,0.391,1.163,1.379,0.842,0.369,1.601,1.969,0.836,0.51,0.236,0.538,1.851,11.022,6.993,-2.457,0.569,0.54,0.646,0.138,1.51,7.858,4.62,5.654,1.061,0.852,5.14,18.956,106.949,116.343,-1.482
2016-17,2017-02-06,LAK,KNI,KNI,22.426,3.797,8.91,0.413,1.483,3.132,0.457,2.313,5.779,0.388,1.204,1.417,0.847,0.378,1.635,2.013,0.824,0.517,0.233,0.53,1.853,11.11,7.046,-2.348,0.567,0.538,0.647,0.14,1.549,8.065,4.725,5.57,1.078,0.84,5.063,19.127,107.203,116.174,-1.411
2016-17,2017-02-08,LAK,PIS,PIS,22.386,3.785,8.912,0.412,1.491,3.158,0.456,2.294,5.753,0.387,1.215,1.44,0.842,0.373,1.641,2.013,0.812,0.523,0.23,0.537,1.884,11.08,6.981,-2.329,0.566,0.537,0.644,0.141,1.526,8.096,4.734,5.488,1.096,0.827,5.118,19.19,106.803,116.097,-1.511
2016-17,2017-02-10,LAK,BUC,BUC,22.478,3.846,8.942,0.416,1.513,3.156,0.462,2.333,5.786,0.391,1.269,1.491,0.849,0.381,1.632,2.013,0.857,0.545,0.226,0.543,1.9,11.293,7.239,-2.111,0.572,0.542,0.646,0.146,1.57,8.057,4.738,5.785,1.128,0.815,5.146,19.231,107.893,116.023,-1.221
2016-17,2017-02-14,LAK,KIN,LAK,22.578,3.834,8.957,0.415,1.492,3.14,0.459,2.342,5.817,0.391,1.265,1.498,0.843,0.376,1.623,2.0,0.901,0.537,0.224,0.536,1.888,11.276,7.23,-1.997,0.571,0.541,0.648,0.145,1.548,8.005,4.699,5.984,1.112,0.803,5.072,19.193,108.023,115.98,-1.228
2016-17,2017-02-15,LAK,SUN,SUN,22.596,3.809,8.972,0.412,1.485,3.152,0.456,2.324,5.82,0.388,1.248,1.477,0.843,0.385,1.642,2.027,0.889,0.544,0.22,0.529,1.876,11.189,7.143,-2.481,0.567,0.538,0.647,0.143,1.579,8.099,4.752,5.9,1.123,0.792,5.0,19.165,107.305,116.163,-1.374
2016-17,2017-02-24,LAK,THU,THU,22.568,3.771,8.973,0.408,1.465,3.123,0.455,2.306,5.85,0.384,1.231,1.457,0.843,0.38,1.688,2.067,0.877,0.563,0.217,0.521,1.864,11.078,7.05,-2.692,0.563,0.533,0.65,0.142,1.556,8.313,4.835,5.818,1.17,0.781,4.931,19.144,106.356,115.953,-1.521
2016-17,2017-02-26,LAK,SPU,LAK,22.575,3.761,8.96,0.408,1.472,3.135,0.455,2.288,5.825,0.383,1.228,1.451,0.845,0.374,1.665,2.04,0.866,0.556,0.214,0.528,1.852,11.038,6.985,-2.831,0.562,0.532,0.648,0.141,1.535,8.199,4.769,5.738,1.154,0.771,5.009,19.12,106.159,116.146,-1.62
2016-17,2017-02-28,LAK,HOR,LAK,22.678,3.777,8.988,0.409,1.452,3.107,0.453,2.325,5.881,0.385,1.211,1.432,0.845,0.369,1.643,2.013,0.854,0.548,0.212,0.521,1.868,11.09,7.0,-2.846,0.564,0.535,0.652,0.14,1.514,8.088,4.704,5.66,1.138,0.76,4.941,19.088,106.454,116.278,-1.615
2016-17,2017-03-03,LAK,CEL,LAK,22.591,3.767,9.001,0.407,1.433,3.079,0.452,2.334,5.922,0.384,1.196,1.413,0.845,0.365,1.622,1.986,0.843,0.554,0.209,0.527,1.843,11.064,6.95,-3.097,0.562,0.534,0.655,0.137,1.494,7.98,4.641,5.585,1.162,0.75,4.996,19.235,106.035,116.248,-1.649
2016-17,2017-03-05,LAK,PEL,LAK,22.657,3.809,9.041,0.41,1.454,3.091,0.457,2.356,5.949,0.386,1.194,1.408,0.846,0.373,1.64,2.012,0.832,0.56,0.206,0.546,1.859,11.167,7.026,-3.005,0.566,0.536,0.655,0.137,1.528,8.01,4.679,5.512,1.169,0.74,5.114,19.27,106.284,116.1,-1.547
2016-17,2017-03-07,LAK,MAV,MAV,22.631,3.812,9.053,0.41,1.448,3.077,0.457,2.364,5.975,0.386,1.204,1.416,0.849,0.368,1.645,2.013,0.821,0.553,0.203,0.539,1.848,11.191,7.037,-3.184,0.566,0.537,0.657,0.138,1.509,8.06,4.69,5.44,1.153,0.73,5.047,19.316,106.501,116.281,-1.561
2016-17,2017-03-09,LAK,SUN,SUN,22.527,3.789,9.015,0.41,1.43,3.076,0.452,2.359,5.938,0.387,1.189,1.397,0.849,0.364,1.637,2.0,0.823,0.546,0.201,0.545,1.862,11.126,6.966,-3.068,0.566,0.536,0.656,0.137,1.489,8.051,4.674,5.476,1.139,0.721,5.166,19.323,106.367,116.29,-1.671
2016-17,2017-03-12,LAK,76E,LAK,22.248,3.742,8.903,0.41,1.413,3.038,0.453,2.33,5.865,0.388,1.174,1.38,0.849,0.359,1.616,1.975,0.813,0.54,0.198,0.538,1.839,10.988,6.88,-3.03,0.566,0.537,0.656,0.137,1.491,8.047,4.673,5.478,1.139,0.721,5.159,19.327,106.454,116.295,-1.658
2016-17,2017-03-13,LAK,NUG,NUG,21.975,3.696,8.793,0.41,1.395,3.001,0.453,2.301,5.793,0.388,1.159,1.363,0.849,0.355,1.596,1.951,0.803,0.533,0.196,0.532,1.817,10.853,6.795,-2.992,0.566,0.537,0.656,0.137,1.493,8.042,4.672,5.48,1.139,0.722,5.153,19.33,106.538,116.301,-1.645
2016-17,2017-03-15,LAK,ROC,ROC,22.004,3.651,8.796,0.406,1.378,2.989,0.45,2.273,5.807,0.383,1.145,1.347,0.849,0.35,1.613,1.963,0.793,0.526,0.194,0.538,1.806,10.721,6.631,-3.126,0.561,0.532,0.657,0.135,1.473,8.12,4.698,5.409,1.124,0.712,5.215,19.291,105.176,116.489,-1.894
2016-17,2017-03-17,LAK,BUC,LAK,22.084,3.679,8.823,0.408,1.386,2.989,0.452,2.294,5.834,0.385,1.132,1.331,0.849,0.346,1.63,1.976,0.808,0.52,0.191,0.531,1.809,10.786,6.698,-3.137,0.562,0.534,0.658,0.133,1.455,8.18,4.716,5.493,1.11,0.704,5.15,19.261,105.687,116.483,-1.811
2016-17,2017-03-21,LAK,CLI,LAK,21.823,3.636,8.719,0.408,1.369,2.953,0.453,2.267,5.765,0.385,1.118,1.315,0.849,0.342,1.611,1.952,0.798,0.514,0.189,0.524,1.788,10.657,6.618,-3.1,0.563,0.535,0.658,0.133,1.457,8.177,4.715,5.494,1.11,0.704,5.144,19.264,105.762,116.488,-1.8
2016-17,2017-03-24,LAK,TIM,LAK,21.567,3.594,8.616,0.408,1.353,2.92,0.453,2.24,5.697,0.385,1.105,1.3,0.85,0.338,1.591,1.93,0.789,0.508,0.186,0.519,1.767,10.533,6.541,-3.064,0.563,0.535,0.658,0.133,1.458,8.173,4.715,5.496,1.11,0.704,5.138,19.266,105.835,116.494,-1.789
2016-17,2017-03-26,LAK,BLA,LAK,21.318,3.552,8.517,0.409,1.337,2.885,0.453,2.215,5.632,0.385,1.093,1.285,0.85,0.334,1.573,1.907,0.78,0.502,0.184,0.512,1.747,10.411,6.465,-3.028,0.563,0.535,0.658,0.133,1.46,8.17,4.714,5.497,1.11,0.704,5.132,19.269,105.906,116.5,-1.779
2016-17,2017-03-28,LAK,WIZ,LAK,21.074,3.512,8.42,0.409,1.322,2.852,0.454,2.189,5.567,0.386,1.08,1.27,0.85,0.33,1.556,1.886,0.771,0.496,0.182,0.506,1.727,10.292,6.391,-2.994,0.564,0.536,0.658,0.133,1.461,8.167,4.713,5.499,1.11,0.705,5.127,19.271,105.976,116.505,-1.768
2016-17,2017-03-30,LAK,TIM,TIM,20.835,3.472,8.325,0.409,1.307,2.821,0.454,2.165,5.504,0.386,1.067,1.256,0.85,0.327,1.538,1.864,0.762,0.49,0.18,0.5,1.707,10.176,6.32,-2.959,0.564,0.536,0.659,0.133,1.462,8.164,4.712,5.5,1.11,0.705,5.122,19.273,106.043,116.51,-1.758
2016-17,2017-04-01,LAK,CLI,CLI,20.602,3.433,8.231,0.409,1.293,2.788,0.454,2.141,5.442,0.386,1.056,1.241,0.85,0.323,1.521,1.843,0.754,0.485,0.178,0.495,1.688,10.062,6.249,-2.926,0.564,0.536,0.659,0.133,1.464,8.162,4.712,5.501,1.11,0.705,5.116,19.276,106.11,116.516,-1.748
2016-17,2017-04-02,LAK,GRI,LAK,20.374,3.395,8.141,0.41,1.278,2.758,0.454,2.117,5.382,0.386,1.044,1.228,0.85,0.319,1.503,1.823,0.746,0.48,0.176,0.49,1.669,9.951,6.18,-2.894,0.564,0.537,0.659,0.133,1.465,8.159,4.711,5.502,1.11,0.705,5.111,19.278,106.175,116.521,-1.739
2016-17,2017-04-05,LAK,SPU,SPU,20.151,3.358,8.051,0.41,1.265,2.728,0.455,2.093,5.324,0.386,1.033,1.214,0.85,0.316,1.488,1.803,0.737,0.474,0.174,0.484,1.651,9.842,6.112,-2.862,0.565,0.537,0.659,0.132,1.466,8.156,4.71,5.504,1.11,0.705,5.106,19.28,106.238,116.526,-1.729
2016-17,2017-04-07,LAK,KIN,LAK,19.934,3.322,7.965,0.41,1.251,2.698,0.455,2.071,5.266,0.387,1.021,1.201,0.85,0.312,1.471,1.784,0.73,0.469,0.172,0.479,1.633,9.736,6.046,-2.831,0.565,0.537,0.659,0.132,1.467,8.153,4.709,5.505,1.11,0.706,5.101,19.282,106.3,116.531,-1.72
2016-17,2017-04-09,LAK,TIM,LAK,19.72,3.286,7.879,0.41,1.237,2.669,0.455,2.049,5.21,0.387,1.011,1.188,0.85,0.309,1.455,1.764,0.722,0.464,0.171,0.474,1.616,9.632,5.981,-2.801,0.565,0.537,0.659,0.132,1.469,8.151,4.709,5.506,1.11,0.706,5.097,19.284,106.361,116.535,-1.711
2016-17,2017-04-11,LAK,PEL,LAK,19.511,3.252,7.796,0.41,1.224,2.641,0.456,2.027,5.154,0.387,1.0,1.175,0.85,0.306,1.44,1.746,0.714,0.459,0.169,0.469,1.598,9.529,5.918,-2.771,0.565,0.538,0.659,0.132,1.47,8.148,4.708,5.507,1.11,0.706,5.092,19.286,106.42,116.54,-1.702
2016-17,2017-04-12,LAK,WAR,WAR,19.306,3.218,7.714,0.411,1.211,2.614,0.456,2.006,5.1,0.387,0.99,1.163,0.85,0.302,1.425,1.727,0.706,0.454,0.167,0.464,1.582,9.43,5.856,-2.742,0.566,0.538,0.659,0.132,1.471,8.146,4.707,5.508,1.109,0.706,5.087,19.288,106.478,116.544,-1.694
2017-18,2017-10-17,WAR,ROC,WAR,20.385,3.645,8.252,0.452,1.343,2.74,0.506,2.302,5.512,0.426,1.002,1.167,0.863,0.341,1.459,1.8,0.736,0.47,0.178,0.481,1.835,10.592,6.779,-2.867,0.618,0.595,0.67,0.121,1.726,7.731,4.635,5.345,1.052,0.69,4.897,19.407,115.317,117.397,-0.227
2017-18,2017-10-20,WAR,PEL,PEL,20.003,3.57,8.036,0.459,1.297,2.661,0.498,2.273,5.375,0.438,0.964,1.121,0.869,0.333,1.431,1.764,0.733,0.478,0.17,0.467,1.812,10.376,6.697,-2.842,0.63,0.607,0.673,0.118,1.647,7.725,4.615,5.547,1.182,0.659,4.675,19.006,115.439,117.015,-0.103
2017-18,2017-10-21,WAR,GRI,GRI,19.434,3.447,7.796,0.458,1.248,2.556,0.505,2.2,5.24,0.434,0.926,1.076,0.875,0.322,1.376,1.698,0.705,0.461,0.163,0.483,1.752,10.019,6.404,-2.857,0.629,0.607,0.681,0.115,1.576,7.39,4.415,5.306,1.13,0.63,5.919,19.28,110.42,117.232,-1.481
2017-18,2017-10-23,WAR,MAV,MAV,19.348,3.456,7.767,0.457,1.2,2.489,0.484,2.256,5.278,0.439,0.922,1.067,0.88,0.311,1.356,1.667,0.678,0.444,0.156,0.5,1.689,10.089,6.453,-2.567,0.632,0.61,0.69,0.117,1.51,7.278,4.343,5.085,1.083,0.604,6.114,19.352,111.111,116.889,-1.286
2017-18,2017-10-25,WAR,RAP,WAR,18.656,3.335,7.485,0.462,1.155,2.395,0.485,2.18,5.09,0.445,0.888,1.027,0.885,0.3,1.306,1.605,0.652,0.428,0.15,0.484,1.628,9.738,6.231,-2.475,0.641,0.619,0.696,0.116,1.497,7.15,4.283,4.98,1.079,0.58,6.405,19.327,110.956,116.874,-1.364
2017-18,2017-10-27,WAR,WIZ,WAR,18.252,3.219,7.316,0.451,1.112,2.339,0.462,2.106,4.977,0.438,0.856,0.989,0.889,0.355,1.291,1.646,0.661,0.412,0.177,0.468,1.603,9.399,6.036,-2.42,0.626,0.605,0.696,0.112,2.722,7.412,5.005,5.388,1.03,1.001,6.055,19.145,108.91,116.652,-1.684
2017-18,2017-10-29,WAR,PIS,WAR,18.039,3.108,7.127,0.443,1.072,2.256,0.46,2.036,4.871,0.429,0.826,0.954,0.893,0.344,1.246,1.59,0.637,0.398,0.171,0.453,1.58,9.076,5.773,-2.855,0.617,0.595,0.704,0.11,2.581,7.102,4.782,5.16,0.987,0.952,5.765,18.627,104.265,117.321,-2.243
2017-18,2017-10-30,WAR,CLI,CLI,17.642,3.035,6.981,0.441,1.035,2.178,0.458,2.0,4.803,0.426,0.797,0.921,0.897,0.333,1.203,1.537,0.616,0.384,0.165,0.438,1.527,8.867,5.621,-2.702,0.614,0.593,0.713,0.106,2.461,6.824,4.585,4.955,0.948,0.91,5.514,18.667,104.61,117.589,-2.454
2017-18,2017-11-02,WAR,SPU,SPU,17.173,2.936,6.814,0.432,1.0,2.105,0.456,1.936,4.709,0.416,0.77,0.89,0.901,0.323,1.163,1.486,0.626,0.371,0.16,0.424,1.477,8.577,5.416,-2.524,0.604,0.583,0.721,0.103,2.356,6.571,4.407,6.058,0.914,0.872,5.291,19.015,101.949,117.249,-3.25
2017-18,2017-11-04,WAR,NUG,NUG,17.181,2.903,6.808,0.423,0.998,2.097,0.464,1.905,4.712,0.405,0.745,0.921,0.737,0.313,1.126,1.439,0.637,0.42,0.155,0.411,1.551,8.456,5.279,-2.416,0.584,0.568,0.717,0.098,2.262,6.338,4.246,6.049,1.07,0.839,5.089,19.003,100.848,116.719,-3.518
2017-18,2017-11-06,WAR,HEA,WAR,16.773,2.843,6.687,0.421,0.966,2.031,0.463,1.877,4.656,0.403,0.722,0.892,0.73,0.304,1.09,1.394,0.617,0.407,0.15,0.398,1.504,8.283,5.154,-2.342,0.582,0.566,0.725,0.096,2.178,6.124,4.098,5.831,1.032,0.808,4.906,19.471,100.818,115.914,-3.259
2017-18,2017-11-08,WAR,TIM,WAR,16.874,2.872,6.804,0.417,0.966,2.026,0.467,1.907,4.778,0.397,0.728,0.894,0.76,0.295,1.144,1.438,0.743,0.51,0.146,0.387,1.459,8.38,5.412,-2.013,0.578,0.561,0.727,0.098,2.101,6.384,4.234,6.641,1.291,0.78,4.738,19.608,101.427,114.832,-2.682
2017-18,2017-11-11,WAR,76E,WAR,16.973,2.93,6.775,0.434,0.993,2.023,0.506,1.937,4.753,0.409,0.707,0.868,0.755,0.286,1.167,1.453,0.778,0.58,0.141,0.404,1.473,8.502,5.649,-1.335,0.598,0.582,0.724,0.094,2.029,6.496,4.294,6.832,1.458,0.755,5.051,19.42,103.656,114.419,-2.091
2017-18,2017-11-13,WAR,MAG,WAR,17.056,2.929,6.831,0.428,1.019,2.047,0.518,1.91,4.784,0.398,0.741,0.898,0.798,0.278,1.134,1.412,0.757,0.565,0.165,0.392,1.486,8.51,5.595,-1.541,0.589,0.571,0.718,0.102,1.963,6.296,4.159,6.611,1.41,0.864,4.89,19.468,103.537,114.067,-2.245
2017-18,2017-11-16,WAR,CEL,CEL,16.845,2.903,6.725,0.433,0.991,1.99,0.52,1.912,4.734,0.404,0.748,0.927,0.775,0.271,1.129,1.399,0.737,0.577,0.16,0.381,1.499,8.465,5.598,-1.872,0.596,0.579,0.724,0.106,1.902,6.435,4.189,6.406,1.522,0.837,4.74,19.438,105.046,113.338,-1.64
2017-18,2017-11-18,WAR,76E,76E,16.552,2.851,6.597,0.434,0.965,1.937,0.521,1.887,4.661,0.405,0.727,0.902,0.772,0.263,1.151,1.414,0.717,0.561,0.156,0.371,1.459,8.317,5.517,-1.481,0.598,0.581,0.729,0.104,1.845,7.237,4.605,6.214,1.476,0.812,4.599,19.289,106.454,113.367,-1.415
2017-18,2017-11-19,WAR,NET,NET,16.535,2.854,6.579,0.436,0.965,1.937,0.518,1.889,4.642,0.408,0.708,0.878,0.769,0.257,1.197,1.454,0.699,0.547,0.152,0.387,1.473,8.305,5.479,-1.364,0.6,0.584,0.726,0.101,1.792,7.43,4.709,6.034,1.433,0.788,4.877,19.255,106.28,113.22,-1.516
2017-18,2017-11-22,WAR,THU,THU,16.526,2.807,6.586,0.425,0.965,1.962,0.502,1.841,4.624,0.396,0.74,0.931,0.766,0.25,1.217,1.467,0.731,0.534,0.148,0.402,1.46,8.194,5.333,-1.328,0.585,0.567,0.719,0.108,1.741,7.587,4.761,6.406,1.393,0.766,5.04,19.407,104.917,113.249,-1.857
2017-18,2017-11-24,WAR,BUL,WAR,16.587,2.907,6.715,0.434,1.038,2.059,0.519,1.869,4.657,0.401,0.722,0.908,0.764,0.244,1.333,1.577,0.713,0.521,0.145,0.417,1.424,8.405,5.498,-0.758,0.591,0.575,0.704,0.103,1.694,8.104,5.087,6.231,1.354,0.745,5.111,19.669,105.201,112.734,-1.849
2017-18,2017-11-25,WAR,PEL,WAR,16.417,2.838,6.601,0.43,1.014,2.009,0.52,1.824,4.592,0.396,0.752,0.934,0.785,0.238,1.301,1.539,0.696,0.508,0.141,0.406,1.39,8.25,5.38,-0.523,0.588,0.57,0.708,0.111,1.649,7.89,4.952,6.066,1.318,0.726,4.975,19.478,104.625,112.615,-2.062
2017-18,2017-11-27,WAR,KIN,WAR,16.314,2.84,6.585,0.432,1.013,1.984,0.53,1.828,4.6,0.396,0.734,0.911,0.783,0.232,1.294,1.526,0.68,0.497,0.138,0.467,1.357,8.241,5.307,-0.811,0.591,0.572,0.711,0.108,1.607,7.952,4.966,5.911,1.284,0.707,5.701,19.883,103.799,113.091,-2.395
2017-18,2017-11-29,WAR,LAK,LAK,16.255,2.843,6.547,0.436,1.035,2.007,0.536,1.808,4.54,0.397,0.762,0.959,0.777,0.25,1.287,1.537,0.664,0.485,0.135,0.479,1.326,8.256,5.328,-0.699,0.594,0.576,0.704,0.115,1.811,7.971,5.071,5.763,1.252,0.689,5.899,19.931,104.336,113.143,-2.286
2017-18,2017-12-01,WAR,MAG,MAG,15.943,2.801,6.444,0.436,1.011,1.961,0.537,1.79,4.483,0.398,0.745,0.937,0.776,0.244,1.258,1.502,0.649,0.474,0.131,0.468,1.295,8.137,5.253,-0.66,0.595,0.577,0.707,0.113,1.767,7.777,4.948,5.623,1.222,0.673,5.755,20.304,105.065,113.338,-2.076
2017-18,2017-12-03,WAR,HEA,HEA,15.927,2.805,6.389,0.443,1.011,1.94,0.546,1.794,4.45,0.403,0.729,0.916,0.774,0.239,1.23,1.469,0.635,0.464,0.129,0.502,1.31,8.132,5.216,-0.6,0.603,0.585,0.708,0.112,1.725,7.593,4.83,5.489,1.192,0.657,6.407,20.251,104.974,113.262,-2.064
2017-18,2017-12-04,WAR,PEL,PEL,15.882,2.787,6.337,0.444,0.989,1.898,0.547,1.798,4.439,0.406,0.713,0.897,0.773,0.234,1.225,1.459,0.621,0.454,0.126,0.491,1.282,8.085,5.195,-0.714,0.605,0.588,0.713,0.109,1.685,7.591,4.811,5.363,1.165,0.642,6.257,20.059,105.444,113.351,-2.024
2017-18,2017-12-06,WAR,HOR,HOR,15.964,2.791,6.328,0.445,0.989,1.878,0.556,1.802,4.45,0.405,0.74,0.961,0.749,0.228,1.22,1.449,0.608,0.465,0.123,0.481,1.276,8.123,5.234,-0.363,0.606,0.59,0.716,0.115,1.647,7.521,4.758,5.241,1.195,0.627,6.115,20.008,105.867,112.961,-1.926
2017-18,2017-12-08,WAR,PIS,PIS,15.811,2.733,6.259,0.439,0.969,1.88,0.536,1.765,4.378,0.403,0.765,1.003,0.747,0.224,1.216,1.44,0.595,0.456,0.12,0.471,1.249,7.996,5.122,-0.579,0.599,0.582,0.712,0.123,1.61,7.579,4.784,5.125,1.168,0.614,5.979,20.073,104.659,112.899,-2.296
2017-18,2017-12-11,WAR,BLA,WAR,15.752,2.778,6.293,0.446,1.009,1.962,0.529,1.769,4.33,0.41,0.75,0.983,0.746,0.219,1.231,1.45,0.583,0.467,0.118,0.461,1.244,8.075,5.211,-0.346,0.604,0.588,0.695,0.119,1.575,7.748,4.877,5.015,1.228,0.6,5.849,20.268,105.319,112.773,-2.017
2017-18,2017-12-18,WAR,LAK,LAK,15.798,2.802,6.325,0.447,1.029,1.982,0.534,1.773,4.343,0.409,0.735,0.963,0.744,0.215,1.247,1.461,0.572,0.457,0.116,0.492,1.259,8.112,5.182,-0.18,0.605,0.589,0.693,0.115,1.542,7.817,4.89,4.909,1.201,0.588,6.147,20.311,105.061,112.696,-2.073
2017-18,2017-12-20,WAR,GRI,WAR,15.953,2.806,6.357,0.445,1.047,2.04,0.524,1.758,4.316,0.408,0.72,0.944,0.743,0.25,1.299,1.549,0.58,0.449,0.133,0.482,1.292,8.09,5.186,-0.001,0.6,0.584,0.683,0.111,1.717,8.025,5.082,4.957,1.176,0.654,6.019,20.219,105.229,112.435,-2.114
2017-18,2017-12-22,WAR,LAK,WAR,16.003,2.809,6.292,0.451,1.065,2.039,0.536,1.744,4.253,0.412,0.726,0.945,0.749,0.245,1.313,1.557,0.569,0.44,0.13,0.492,1.305,8.087,5.199,0.0,0.607,0.591,0.679,0.113,1.682,8.083,5.097,4.857,1.152,0.641,6.352,20.016,106.321,112.469,-2.081
2017-18,2017-12-23,WAR,NUG,WAR,16.05,2.794,6.323,0.445,1.064,2.076,0.522,1.73,4.247,0.408,0.712,0.928,0.748,0.24,1.307,1.547,0.558,0.451,0.128,0.502,1.337,8.029,5.088,-0.334,0.598,0.582,0.674,0.11,1.649,8.062,5.057,4.761,1.185,0.628,6.446,20.047,105.345,112.382,-2.309
2017-18,2017-12-25,WAR,CAV,WAR,15.96,2.742,6.261,0.44,1.044,2.037,0.522,1.698,4.224,0.402,0.699,0.91,0.746,0.235,1.301,1.537,0.548,0.443,0.125,0.492,1.312,7.881,4.961,-0.217,0.592,0.576,0.677,0.109,1.617,8.052,5.044,4.669,1.162,0.616,6.32,19.896,103.297,112.356,-2.611
2017-18,2017-12-27,WAR,JAZ,WAR,16.067,2.8,6.31,0.448,1.079,2.09,0.526,1.721,4.22,0.409,0.686,0.894,0.745,0.231,1.295,1.527,0.556,0.434,0.123,0.484,1.306,8.008,5.082,-0.033,0.599,0.584,0.669,0.106,1.586,7.973,4.991,4.688,1.14,0.604,6.199,19.858,104.172,112.218,-2.454
2017-18,2017-12-29,WAR,HOR,WAR,16.059,2.786,6.322,0.443,1.078,2.089,0.525,1.708,4.233,0.403,0.674,0.878,0.744,0.227,1.273,1.5,0.546,0.427,0.121,0.493,1.319,7.954,4.976,0.057,0.594,0.579,0.671,0.103,1.556,7.825,4.898,4.601,1.118,0.593,6.317,19.903,103.348,112.365,-2.707
2017-18,2017-12-30,WAR,GRI,WAR,15.988,2.755,6.281,0.441,1.076,2.087,0.524,1.678,4.194,0.4,0.697,0.898,0.758,0.223,1.268,1.491,0.536,0.419,0.119,0.484,1.313,7.884,4.915,0.005,0.591,0.574,0.668,0.109,1.527,7.847,4.904,4.517,1.098,0.582,6.2,19.876,103.142,112.819,-2.986
2017-18,2018-01-03,WAR,MAV,MAV,15.915,2.708,6.207,0.438,1.058,2.051,0.524,1.65,4.156,0.396,0.685,0.883,0.757,0.219,1.264,1.482,0.528,0.412,0.134,0.493,1.325,7.749,4.793,-0.046,0.587,0.57,0.671,0.108,1.5,7.865,4.9,4.436,1.078,0.727,6.688,19.71,101.285,112.913,-3.242
2017-18,2018-01-04,WAR,ROC,ROC,15.974,2.729,6.22,0.441,1.057,2.05,0.524,1.672,4.17,0.4,0.673,0.867,0.756,0.216,1.259,1.474,0.535,0.405,0.132,0.485,1.302,7.803,4.858,0.04,0.592,0.575,0.672,0.105,1.473,7.823,4.866,4.473,1.059,0.714,6.569,19.644,102.044,113.04,-3.102
2017-18,2018-01-06,WAR,CLI,CLI,16.039,2.75,6.298,0.438,1.072,2.066,0.528,1.677,4.233,0.395,0.679,0.869,0.762,0.229,1.271,1.5,0.543,0.432,0.129,0.493,1.33,7.855,4.888,-0.043,0.588,0.571,0.674,0.105,1.533,7.854,4.908,4.538,1.118,0.701,6.593,19.715,101.958,112.744,-3.093
2017-18,2018-01-08,WAR,NUG,WAR,16.028,2.754,6.293,0.439,1.071,2.064,0.528,1.682,4.229,0.397,0.668,0.855,0.761,0.225,1.25,1.475,0.534,0.424,0.128,0.485,1.324,7.857,4.883,0.055,0.589,0.573,0.674,0.103,1.507,7.72,4.824,4.461,1.098,0.69,6.481,19.667,102.457,112.972,-3.103
2017-18,2018-01-10,WAR,CLI,WAR,16.175,2.757,6.368,0.434,1.086,2.095,0.526,1.671,4.273,0.389,0.657,0.842,0.761,0.221,1.23,1.452,0.542,0.434,0.125,0.477,1.335,7.843,4.827,-0.153,0.581,0.564,0.672,0.1,1.482,7.59,4.743,4.485,1.11,0.678,6.371,19.666,101.846,113.192,-3.267
2017-18,2018-01-12,WAR,BUC,BUC,16.125,2.761,6.314,0.439,1.084,2.078,0.53,1.676,4.236,0.395,0.646,0.828,0.76,0.233,1.211,1.444,0.533,0.427,0.123,0.485,1.314,7.845,4.858,-0.26,0.587,0.571,0.672,0.099,1.631,7.465,4.744,4.411,1.091,0.667,6.679,19.588,102.776,113.206,-3.029
2017-18,2018-01-13,WAR,RAP,RAP,15.938,2.718,6.216,0.439,1.068,2.045,0.531,1.651,4.171,0.394,0.637,0.815,0.759,0.23,1.192,1.422,0.525,0.42,0.121,0.478,1.309,7.723,4.776,-0.147,0.587,0.572,0.672,0.099,1.604,7.344,4.667,4.34,1.074,0.656,6.57,19.27,101.107,113.577,-3.139
2017-18,2018-01-15,WAR,CAV,CAV,15.878,2.707,6.166,0.441,1.066,2.03,0.535,1.641,4.138,0.395,0.626,0.803,0.758,0.226,1.174,1.4,0.517,0.429,0.12,0.471,1.304,7.681,4.769,-0.099,0.589,0.574,0.672,0.098,1.578,7.226,4.592,4.27,1.119,0.645,6.465,19.13,101.955,113.472,-3.008
2017-18,2018-01-17,WAR,BUL,BUL,15.92,2.681,6.134,0.439,1.066,2.014,0.54,1.616,4.12,0.39,0.617,0.791,0.758,0.223,1.186,1.409,0.509,0.453,0.133,0.464,1.299,7.595,4.734,-0.518,0.585,0.57,0.673,0.096,1.553,7.253,4.602,4.203,1.178,0.695,6.362,18.977,101.154,113.229,-2.986
2017-18,2018-01-20,WAR,ROC,ROC,15.944,2.73,6.191,0.443,1.079,2.028,0.543,1.651,4.163,0.396,0.608,0.779,0.757,0.234,1.168,1.403,0.501,0.461,0.131,0.457,1.324,7.719,4.84,-0.51,0.591,0.577,0.674,0.094,1.641,7.14,4.584,4.139,1.202,0.685,6.264,19.075,101.742,113.319,-2.761
2017-18,2018-01-23,WAR,KNI,WAR,15.959,2.719,6.173,0.443,1.078,2.013,0.547,1.641,4.16,0.393,0.599,0.767,0.756,0.231,1.151,1.383,0.494,0.454,0.129,0.451,1.32,7.679,4.797,-0.678,0.59,0.575,0.676,0.093,1.616,7.032,4.514,4.076,1.184,0.674,6.168,18.992,101.519,113.422,-2.87
2017-18,2018-01-25,WAR,TIM,WAR,15.948,2.709,6.142,0.443,1.063,1.984,0.547,1.647,4.157,0.395,0.59,0.756,0.756,0.228,1.135,1.362,0.486,0.448,0.127,0.444,1.344,7.654,4.768,-0.553,0.592,0.577,0.679,0.092,1.592,6.926,4.446,4.015,1.166,0.664,6.075,18.878,102.098,113.551,-2.913
2017-18,2018-01-27,WAR,CEL,WAR,15.814,2.67,6.097,0.44,1.048,1.984,0.538,1.623,4.112,0.393,0.582,0.746,0.755,0.224,1.119,1.343,0.48,0.455,0.125,0.437,1.325,7.545,4.684,-0.615,0.587,0.573,0.676,0.091,1.568,6.824,4.38,3.955,1.263,0.654,5.985,18.905,100.589,113.425,-3.121
2017-18,2018-01-30,WAR,JAZ,JAZ,15.799,2.661,6.067,0.44,1.061,1.998,0.541,1.6,4.069,0.391,0.588,0.763,0.745,0.221,1.117,1.338,0.473,0.449,0.138,0.445,1.334,7.509,4.644,-0.803,0.586,0.572,0.671,0.092,1.546,6.867,4.376,3.898,1.244,0.719,6.146,18.874,100.319,113.696,-3.209
2017-18,2018-02-02,WAR,KIN,KIN,15.799,2.68,6.066,0.444,1.046,1.971,0.541,1.633,4.095,0.398,0.579,0.752,0.744,0.218,1.116,1.334,0.466,0.443,0.135,0.439,1.33,7.571,4.708,-0.584,0.592,0.578,0.677,0.091,1.523,6.856,4.365,3.842,1.226,0.708,6.057,18.836,101.494,113.6,-2.98
2017-18,2018-02-03,WAR,NUG,NUG,15.816,2.67,6.051,0.444,1.059,1.971,0.549,1.61,4.08,0.393,0.571,0.742,0.743,0.229,1.141,1.37,0.46,0.45,0.134,0.447,1.339,7.522,4.672,-0.725,0.59,0.576,0.676,0.089,1.594,7.012,4.479,3.788,1.25,0.698,6.208,18.787,101.134,113.62,-3.069
2017-18,2018-02-06,WAR,THU,WAR,15.784,2.648,6.037,0.44,1.045,1.958,0.544,1.603,4.079,0.391,0.564,0.732,0.743,0.239,1.125,1.364,0.467,0.444,0.132,0.441,1.321,7.461,4.626,-0.689,0.587,0.573,0.677,0.089,1.695,6.914,4.475,3.885,1.233,0.689,6.121,18.742,100.924,113.822,-3.122
2017-18,2018-02-08,WAR,MAV,WAR,15.7,2.639,6.022,0.439,1.031,1.958,0.536,1.608,4.065,0.395,0.556,0.722,0.742,0.236,1.111,1.347,0.475,0.438,0.13,0.435,1.303,7.441,4.618,-0.799,0.587,0.573,0.677,0.087,1.673,6.818,4.413,4.032,1.216,0.679,6.036,18.795,101.477,113.88,-3.041
2017-18,2018-02-10,WAR,SPU,WAR,15.549,2.644,6.009,0.442,1.018,1.946,0.531,1.626,4.063,0.4,0.549,0.713,0.742,0.233,1.096,1.329,0.468,0.433,0.128,0.429,1.286,7.461,4.646,-0.814,0.59,0.577,0.678,0.086,1.65,6.726,4.353,3.977,1.199,0.67,5.954,19.252,102.313,113.922,-2.47
2017-18,2018-02-12,WAR,SUN,WAR,15.654,2.674,6.061,0.443,1.03,1.959,0.534,1.644,4.101,0.4,0.58,0.742,0.761,0.243,1.108,1.35,0.462,0.453,0.127,0.424,1.269,7.572,4.77,-0.365,0.593,0.579,0.679,0.092,1.697,6.731,4.38,3.925,1.237,0.661,5.874,19.276,102.832,113.522,-2.35
2017-18,2018-02-14,WAR,BLA,BLA,15.645,2.639,6.021,0.44,1.017,1.934,0.534,1.623,4.087,0.396,0.573,0.733,0.761,0.24,1.119,1.359,0.456,0.46,0.125,0.431,1.253,7.475,4.689,-0.398,0.589,0.574,0.681,0.091,1.675,6.826,4.415,3.872,1.261,0.652,6.127,19.169,101.473,113.581,-2.486
2017-18,2018-02-22,WAR,CLI,WAR,15.63,2.619,5.983,0.439,1.004,1.909,0.535,1.615,4.073,0.395,0.566,0.723,0.76,0.236,1.117,1.354,0.45,0.454,0.124,0.426,1.25,7.418,4.646,-0.468,0.589,0.574,0.684,0.09,1.653,6.854,4.422,3.822,1.245,0.644,6.047,19.04,101.351,113.782,-2.548
2017-18,2018-02-24,WAR,THU,WAR,15.665,2.649,6.033,0.44,1.004,1.948,0.521,1.644,4.085,0.403,0.583,0.739,0.772,0.246,1.153,1.399,0.47,0.461,0.122,0.433,1.259,7.525,4.756,-0.176,0.592,0.577,0.679,0.093,1.714,7.006,4.537,4.005,1.265,0.635,6.077,19.162,101.798,113.373,-2.321
2017-18,2018-02-26,WAR,KNI,KNI,15.651,2.628,6.008,0.439,0.992,1.924,0.522,1.636,4.084,0.4,0.576,0.73,0.771,0.243,1.139,1.382,0.464,0.455,0.12,0.439,1.256,7.469,4.688,-0.272,0.59,0.575,0.682,0.092,1.693,6.917,4.48,3.955,1.249,0.628,6.254,19.11,101.255,113.445,-2.479
2017-18,2018-02-28,WAR,WIZ,WIZ,15.539,2.596,5.947,0.438,0.98,1.901,0.522,1.616,4.046,0.399,0.569,0.722,0.771,0.24,1.125,1.366,0.458,0.474,0.119,0.434,1.253,7.378,4.641,-0.087,0.589,0.574,0.683,0.092,1.671,6.83,4.423,3.905,1.433,0.62,6.176,18.966,99.984,113.076,-2.404
2017-18,2018-03-02,WAR,HAW,HAW,15.626,2.625,5.983,0.44,0.98,1.889,0.526,1.645,4.093,0.402,0.586,0.737,0.781,0.237,1.112,1.349,0.465,0.48,0.117,0.429,1.261,7.481,4.736,-0.001,0.594,0.578,0.687,0.095,1.65,6.746,4.369,3.94,1.44,0.612,6.099,18.973,100.518,113.001,-2.286
2017-18,2018-03-06,WAR,NET,WAR,15.608,2.594,5.924,0.439,0.968,1.867,0.526,1.626,4.056,0.4,0.58,0.728,0.781,0.234,1.099,1.333,0.471,0.475,0.116,0.436,1.258,7.392,4.664,0.023,0.593,0.577,0.688,0.094,1.63,6.663,4.315,3.981,1.422,0.604,6.636,18.82,99.68,113.025,-2.39
2017-18,2018-03-08,WAR,SPU,WAR,15.74,2.61,5.96,0.439,0.981,1.869,0.533,1.63,4.091,0.398,0.597,0.743,0.79,0.243,1.097,1.341,0.477,0.481,0.115,0.443,1.279,7.446,4.7,-0.0,0.593,0.576,0.689,0.097,1.656,6.628,4.309,3.997,1.427,0.597,6.667,18.797,99.878,113.001,-2.385
2017-18,2018-03-09,WAR,BLA,BLA,15.834,2.592,5.937,0.438,0.968,1.859,0.529,1.622,4.078,0.397,0.59,0.734,0.789,0.24,1.119,1.36,0.472,0.475,0.114,0.437,1.276,7.394,4.658,-0.139,0.591,0.575,0.69,0.096,1.637,6.725,4.348,3.95,1.409,0.59,6.588,18.669,99.593,113.288,-2.468
2017-18,2018-03-11,WAR,TIM,TIM,15.904,2.562,5.914,0.434,0.958,1.837,0.529,1.604,4.077,0.392,0.583,0.726,0.789,0.249,1.118,1.367,0.466,0.481,0.123,0.432,1.284,7.309,4.595,0.046,0.586,0.569,0.693,0.095,1.67,6.697,4.348,3.903,1.419,0.618,6.509,18.539,98.643,113.261,-2.558
2017-18,2018-03-14,WAR,LAK,WAR,16.079,2.6,5.995,0.435,0.981,1.873,0.531,1.619,4.121,0.392,0.61,0.752,0.802,0.247,1.139,1.386,0.483,0.487,0.122,0.45,1.269,7.43,4.685,0.124,0.587,0.569,0.69,0.099,1.651,6.735,4.361,3.96,1.42,0.61,6.577,18.579,98.858,113.2,-2.513
2017-18,2018-03-16,WAR,KIN,WAR,16.306,2.627,6.096,0.432,0.992,1.931,0.519,1.635,4.165,0.392,0.637,0.777,0.813,0.255,1.138,1.393,0.489,0.481,0.121,0.468,1.311,7.526,4.691,0.033,0.584,0.566,0.686,0.103,1.665,6.693,4.346,3.97,1.403,0.603,6.626,18.644,98.791,113.279,-2.604
2017-18,2018-03-17,WAR,SUN,SUN,16.586,2.676,6.194,0.432,1.026,1.976,0.524,1.65,4.218,0.39,0.663,0.802,0.822,0.263,1.191,1.455,0.506,0.488,0.12,0.462,1.33,7.665,4.816,0.354,0.585,0.566,0.683,0.106,1.677,6.8,4.404,3.987,1.4,0.596,6.551,18.62,99.17,113.23,-2.595
2017-18,2018-03-19,WAR,SPU,SPU,16.845,2.668,6.236,0.428,1.036,2.009,0.521,1.632,4.227,0.385,0.721,0.859,0.838,0.26,1.201,1.46,0.501,0.482,0.119,0.479,1.337,7.689,4.781,0.121,0.581,0.559,0.679,0.115,1.658,6.784,4.386,3.942,1.384,0.59,6.631,18.616,98.83,113.149,-2.675
2017-18,2018-03-23,WAR,HAW,WAR,16.943,2.737,6.352,0.431,1.057,2.051,0.519,1.679,4.301,0.389,0.713,0.849,0.838,0.268,1.198,1.466,0.506,0.477,0.117,0.474,1.333,7.866,4.913,0.26,0.584,0.563,0.678,0.111,1.682,6.758,4.383,3.98,1.369,0.583,6.557,18.743,99.212,113.081,-2.535
2017-18,2018-03-25,WAR,JAZ,WAR,17.168,2.74,6.434,0.425,1.067,2.116,0.507,1.672,4.319,0.386,0.727,0.861,0.843,0.266,1.217,1.483,0.511,0.482,0.116,0.479,1.351,7.878,4.869,0.097,0.577,0.555,0.672,0.113,1.663,6.794,4.382,3.977,1.369,0.576,6.554,18.744,98.857,113.19,-2.662
2017-18,2018-03-27,WAR,PAC,WAR,17.315,2.753,6.482,0.425,1.077,2.157,0.501,1.676,4.326,0.386,0.74,0.873,0.847,0.262,1.236,1.499,0.516,0.477,0.115,0.475,1.347,7.922,4.892,-0.053,0.575,0.553,0.667,0.113,1.645,6.84,4.391,3.993,1.354,0.57,6.483,18.729,99.099,113.177,-2.65
2017-18,2018-03-29,WAR,BUC,WAR,17.379,2.745,6.498,0.422,1.077,2.186,0.494,1.669,4.312,0.385,0.733,0.864,0.847,0.26,1.234,1.494,0.511,0.473,0.113,0.49,1.333,7.891,4.825,-0.105,0.572,0.55,0.663,0.112,1.627,6.827,4.377,3.949,1.34,0.564,6.629,18.749,98.539,113.326,-2.823
2017-18,2018-03-31,WAR,KIN,KIN,17.413,2.737,6.503,0.421,1.066,2.174,0.49,1.672,4.329,0.385,0.725,0.855,0.847,0.257,1.221,1.478,0.505,0.468,0.112,0.486,1.33,7.871,4.791,-0.031,0.571,0.548,0.666,0.111,1.61,6.755,4.33,3.908,1.325,0.558,6.558,18.714,98.362,113.291,-2.896
2017-18,2018-04-01,WAR,SUN,WAR,17.493,2.73,6.519,0.418,1.054,2.162,0.488,1.675,4.357,0.383,0.717,0.846,0.847,0.265,1.25,1.515,0.511,0.473,0.111,0.491,1.316,7.852,4.781,-0.071,0.568,0.546,0.669,0.109,1.644,6.855,4.4,3.912,1.331,0.552,6.606,18.685,98.159,113.246,-2.958
2017-18,2018-04-03,WAR,THU,THU,17.58,2.732,6.533,0.417,1.054,2.171,0.486,1.679,4.363,0.383,0.71,0.838,0.847,0.262,1.267,1.53,0.505,0.468,0.11,0.486,1.344,7.854,4.761,0.062,0.567,0.545,0.668,0.108,1.626,6.887,4.414,3.87,1.317,0.546,6.537,18.636,98.115,113.243,-3.0
2017-18,2018-04-05,WAR,PAC,PAC,17.61,2.705,6.508,0.415,1.043,2.149,0.486,1.661,4.359,0.379,0.744,0.87,0.855,0.26,1.285,1.544,0.5,0.464,0.109,0.481,1.33,7.815,4.735,0.051,0.565,0.542,0.671,0.114,1.61,7.0,4.451,3.831,1.304,0.541,6.469,18.569,97.991,113.468,-3.098
2017-18,2018-04-07,WAR,PEL,WAR,17.642,2.708,6.483,0.416,1.042,2.137,0.488,1.665,4.346,0.382,0.736,0.861,0.855,0.267,1.302,1.569,0.495,0.479,0.108,0.486,1.336,7.816,4.769,-0.159,0.568,0.545,0.671,0.113,1.656,7.115,4.53,3.792,1.337,0.535,6.607,18.484,98.451,113.494,-2.999
2017-18,2018-04-08,WAR,SUN,SUN,17.668,2.701,6.478,0.416,1.042,2.156,0.483,1.658,4.323,0.382,0.729,0.852,0.855,0.264,1.319,1.583,0.5,0.474,0.106,0.481,1.343,7.789,4.746,-0.078,0.566,0.543,0.667,0.112,1.639,7.206,4.568,3.81,1.323,0.53,6.54,18.431,98.357,113.409,-3.056
2017-18,2018-04-10,WAR,JAZ,JAZ,17.735,2.684,6.444,0.416,1.032,2.145,0.481,1.652,4.3,0.382,0.751,0.874,0.861,0.262,1.325,1.587,0.505,0.469,0.105,0.477,1.34,7.771,4.75,-0.126,0.567,0.543,0.667,0.116,1.623,7.227,4.564,3.842,1.31,0.525,6.474,18.325,98.885,113.555,-3.036
2017-18,2018-04-14,WAR,SPU,WAR,17.64,2.668,6.411,0.415,1.022,2.133,0.479,1.646,4.278,0.383,0.744,0.865,0.861,0.259,1.312,1.571,0.5,0.465,0.104,0.472,1.337,7.724,4.712,-0.144,0.567,0.543,0.667,0.116,1.607,7.155,4.519,3.804,1.297,0.519,6.411,18.314,98.916,113.44,-3.074
2017-18,2018-04-16,WAR,SPU,WAR,17.511,2.642,6.359,0.415,1.013,2.112,0.479,1.63,4.246,0.382,0.737,0.857,0.861,0.256,1.3,1.556,0.496,0.46,0.103,0.467,1.323,7.65,4.661,-0.152,0.566,0.542,0.668,0.116,1.591,7.085,4.475,3.767,1.285,0.514,6.348,18.242,97.944,113.466,-3.212
2017-18,2018-04-19,WAR,SPU,SPU,17.368,2.626,6.317,0.415,1.003,2.093,0.479,1.624,4.225,0.383,0.73,0.849,0.861,0.254,1.287,1.542,0.491,0.456,0.102,0.463,1.311,7.606,4.635,-0.198,0.567,0.542,0.669,0.115,1.575,7.016,4.431,3.73,1.272,0.509,6.285,18.434,98.189,113.471,-3.027
2017-18,2018-04-22,WAR,SPU,SPU,17.285,2.601,6.267,0.414,0.993,2.073,0.479,1.608,4.194,0.382,0.723,0.841,0.861,0.252,1.275,1.527,0.486,0.452,0.101,0.458,1.308,7.535,4.581,-0.196,0.566,0.541,0.67,0.115,1.56,6.948,4.388,3.694,1.26,0.504,6.225,18.305,97.243,113.582,-3.136
2017-18,2018-04-24,WAR,SPU,WAR,17.183,2.577,6.218,0.413,0.984,2.054,0.479,1.594,4.165,0.38,0.716,0.832,0.861,0.249,1.264,1.513,0.482,0.448,0.1,0.454,1.296,7.464,4.532,-0.157,0.564,0.54,0.67,0.115,1.545,6.882,4.346,3.659,1.248,0.499,6.165,18.198,96.315,113.529,-3.22
2017-18,2018-04-28,WAR,PEL,WAR,17.216,2.572,6.198,0.414,0.975,2.034,0.479,1.597,4.163,0.382,0.709,0.825,0.861,0.247,1.261,1.508,0.477,0.452,0.1,0.45,1.303,7.451,4.531,-0.23,0.566,0.542,0.672,0.114,1.531,6.861,4.327,3.624,1.257,0.495,6.108,18.101,96.738,113.411,-3.199
2017-18,2018-05-01,WAR,PEL,WAR,17.16,2.558,6.177,0.413,0.966,2.015,0.479,1.592,4.161,0.38,0.703,0.817,0.861,0.245,1.258,1.503,0.482,0.448,0.099,0.455,1.3,7.41,4.492,-0.328,0.565,0.541,0.675,0.113,1.516,6.874,4.328,3.695,1.245,0.49,6.237,18.102,96.45,113.416,-3.276
2017-18,2018-05-04,WAR,PEL,PEL,17.05,2.535,6.139,0.411,0.957,1.997,0.479,1.577,4.142,0.379,0.714,0.837,0.854,0.242,1.265,1.508,0.477,0.444,0.098,0.451,1.288,7.36,4.458,-0.279,0.564,0.54,0.676,0.116,1.502,7.217,4.471,3.661,1.233,0.486,6.179,18.19,96.186,113.431,-3.361
2017-18,2018-05-06,WAR,PEL,PEL,16.933,2.512,6.093,0.41,0.948,1.988,0.477,1.563,4.104,0.379,0.708,0.829,0.854,0.241,1.254,1.495,0.474,0.441,0.097,0.447,1.276,7.294,4.412,-0.25,0.563,0.539,0.675,0.115,1.489,7.15,4.43,3.626,1.222,0.481,6.122,18.117,95.303,113.28,-3.457
2017-18,2018-05-08,WAR,PEL,WAR,16.782,2.489,6.039,0.41,0.94,1.971,0.477,1.549,4.068,0.379,0.702,0.822,0.854,0.238,1.243,1.481,0.469,0.436,0.096,0.443,1.265,7.229,4.373,-0.248,0.563,0.539,0.675,0.115,1.488,7.149,4.43,3.622,1.222,0.481,6.125,18.114,95.269,113.273,-3.462
2017-18,2018-05-14,WAR,ROC,ROC,16.769,2.493,6.029,0.412,0.932,1.953,0.477,1.562,4.076,0.381,0.696,0.815,0.854,0.236,1.241,1.477,0.465,0.432,0.095,0.439,1.254,7.245,4.395,-0.21,0.565,0.541,0.677,0.115,1.474,7.154,4.426,3.59,1.211,0.476,6.07,18.093,95.824,113.307,-3.35
2017-18,2018-05-16,WAR,ROC,ROC,16.775,2.49,6.029,0.411,0.924,1.937,0.477,1.566,4.093,0.381,0.69,0.807,0.854,0.242,1.23,1.473,0.478,0.429,0.094,0.436,1.269,7.234,4.388,-0.209,0.564,0.541,0.68,0.114,1.515,7.089,4.416,3.706,1.2,0.472,6.014,18.066,96.034,113.503,-3.324
2017-18,2018-05-20,WAR,ROC,WAR,16.786,2.477,6.003,0.411,0.916,1.919,0.477,1.561,4.083,0.38,0.701,0.818,0.857,0.241,1.245,1.486,0.475,0.425,0.094,0.431,1.266,7.214,4.383,-0.033,0.565,0.541,0.681,0.116,1.502,7.175,4.456,3.673,1.19,0.468,5.961,17.989,96.465,113.355,-3.299
2017-18,2018-05-22,WAR,ROC,WAR,16.748,2.464,5.977,0.41,0.916,1.912,0.479,1.547,4.066,0.378,0.695,0.811,0.857,0.239,1.234,1.473,0.47,0.421,0.093,0.436,1.264,7.169,4.335,-0.153,0.564,0.539,0.682,0.116,1.489,7.112,4.417,3.64,1.179,0.464,6.13,17.952,96.088,113.379,-3.358
2017-18,2018-05-24,WAR,ROC,ROC,16.61,2.443,5.926,0.41,0.908,1.895,0.479,1.534,4.031,0.378,0.689,0.804,0.857,0.236,1.224,1.46,0.466,0.418,0.092,0.433,1.253,7.108,4.298,-0.151,0.564,0.539,0.682,0.116,1.475,7.049,4.377,3.608,1.169,0.459,6.076,17.795,95.244,113.403,-3.344
2017-18,2018-05-26,WAR,ROC,WAR,16.606,2.431,5.901,0.41,0.901,1.879,0.479,1.53,4.022,0.378,0.7,0.823,0.85,0.234,1.222,1.457,0.47,0.414,0.091,0.429,1.268,7.091,4.285,-0.074,0.564,0.539,0.683,0.119,1.463,7.051,4.37,3.641,1.158,0.456,6.022,17.743,95.599,113.294,-3.349
2017-18,2018-05-28,WAR,ROC,ROC,16.608,2.419,5.86,0.411,0.893,1.864,0.479,1.525,3.997,0.38,0.694,0.815,0.85,0.233,1.212,1.445,0.467,0.411,0.091,0.425,1.275,7.056,4.265,-0.032,0.566,0.541,0.684,0.118,1.45,6.989,4.332,3.61,1.148,0.452,5.971,17.613,97.368,113.309,-3.324
2017-18,2018-05-31,WAR,CAV,WAR,16.555,2.407,5.844,0.41,0.894,1.864,0.479,1.512,3.98,0.378,0.688,0.809,0.85,0.231,1.202,1.432,0.463,0.407,0.09,0.422,1.272,7.014,4.222,0.044,0.563,0.539,0.682,0.118,1.437,6.93,4.295,3.579,1.138,0.448,5.919,17.632,96.954,113.426,-3.469
2017-18,2018-06-03,WAR,CAV,WAR,16.535,2.387,5.838,0.407,0.887,1.857,0.477,1.5,3.98,0.375,0.683,0.802,0.85,0.229,1.2,1.429,0.459,0.404,0.089,0.418,1.27,6.956,4.158,0.043,0.559,0.535,0.683,0.116,1.425,6.929,4.293,3.549,1.129,0.444,5.869,17.621,96.13,113.457,-3.635
2017-18,2018-06-06,WAR,CAV,CAV,16.439,2.367,5.79,0.407,0.879,1.842,0.477,1.487,3.948,0.375,0.677,0.796,0.85,0.227,1.19,1.417,0.455,0.4,0.089,0.415,1.259,6.898,4.124,0.002,0.559,0.535,0.683,0.116,1.413,6.87,4.257,3.519,1.119,0.44,5.819,17.473,95.32,113.512,-3.641
2017-18,2018-06-08,WAR,CAV,CAV,16.378,2.356,5.775,0.406,0.873,1.827,0.477,1.484,3.948,0.373,0.672,0.789,0.85,0.225,1.188,1.414,0.451,0.398,0.088,0.411,1.258,6.867,4.094,0.059,0.558,0.534,0.685,0.116,1.401,6.901,4.272,3.489,1.11,0.437,5.771,17.504,95.209,113.441,-3.708
2018-19,2018-12-10,NUG,GRI,NUG,14.782,2.007,5.002,0.382,0.74,1.553,0.453,1.267,3.449,0.35,0.573,0.675,0.809,0.194,1.072,1.267,0.37,0.361,0.065,0.379,1.091,5.853,3.42,0.583,0.526,0.503,0.656,0.11,1.302,6.383,3.999,2.927,1.058,0.362,5.703,16.302,87.562,107.381,-4.057
2018-19,2018-12-14,NUG,THU,NUG,14.38,1.976,4.865,0.425,0.706,1.483,0.433,1.27,3.383,0.394,0.547,0.645,0.772,0.185,1.024,1.209,0.353,0.345,0.062,0.362,1.102,5.769,3.383,0.678,0.593,0.571,0.717,0.105,1.243,6.093,3.817,2.794,1.01,0.345,5.444,16.906,100.309,112.773,-3.082
2018-19,2018-12-16,NUG,RAP,NUG,14.001,1.93,4.697,0.447,0.676,1.418,0.414,1.254,3.279,0.417,0.523,0.617,0.738,0.177,1.012,1.189,0.337,0.33,0.059,0.411,1.062,5.638,3.282,0.63,0.627,0.606,0.73,0.1,1.189,6.839,4.153,2.672,0.966,0.33,9.557,17.278,95.404,112.065,-3.391
2018-19,2018-12-18,NUG,MAV,NUG,13.736,1.856,4.543,0.434,0.648,1.359,0.397,1.208,3.184,0.406,0.502,0.591,0.708,0.17,0.972,1.142,0.357,0.316,0.057,0.398,1.088,5.422,3.129,0.543,0.61,0.59,0.741,0.096,1.139,6.446,3.927,3.183,0.926,0.317,8.696,16.581,93.561,112.903,-3.944
2018-19,2018-12-22,NUG,CLI,CLI,13.654,1.786,4.502,0.387,0.622,1.338,0.381,1.164,3.163,0.369,0.482,0.567,0.679,0.163,0.934,1.097,0.377,0.303,0.088,0.385,1.05,5.217,2.963,0.323,0.542,0.522,0.729,0.092,1.094,6.137,3.744,3.468,0.889,0.559,8.125,16.409,89.552,114.05,-4.548
2018-19,2018-12-26,NUG,SPU,SPU,13.163,1.72,4.337,0.385,0.598,1.288,0.366,1.122,3.049,0.369,0.463,0.545,0.653,0.157,0.899,1.056,0.364,0.292,0.085,0.372,1.013,5.024,2.851,0.306,0.54,0.522,0.735,0.088,1.052,6.05,3.674,3.529,0.855,0.587,8.454,16.3,89.185,114.25,-4.592
2018-19,2018-12-28,NUG,SPU,NUG,12.7,1.658,4.182,0.383,0.576,1.241,0.353,1.082,2.941,0.369,0.446,0.525,0.629,0.151,0.866,1.018,0.352,0.281,0.083,0.36,0.979,4.844,2.747,0.291,0.539,0.521,0.741,0.085,1.013,5.969,3.609,3.586,0.823,0.612,8.759,16.199,88.844,114.435,-4.633
2018-19,2018-12-29,NUG,SUN,SUN,12.265,1.6,4.037,0.382,0.555,1.197,0.34,1.045,2.84,0.369,0.43,0.506,0.606,0.146,0.836,0.982,0.341,0.271,0.08,0.348,0.945,4.676,2.651,0.278,0.537,0.52,0.746,0.082,0.976,5.894,3.549,3.638,0.794,0.636,9.041,16.105,88.529,114.607,-4.671
